,Age,gender,insta,fb,snapct,linkdn,telegm,personality,time_hr,netflix,prime,torrent,impact,nature,travel,sleep_time,music,weekend,emotions,food,looks,health,religious,enjoy,lottery,love_money,book_club,movie,sports
0,20.0,1,1,1,1,1,1,2,2,1,1,1,2,2,2,1,2,0,0,1,2,1,1,1,1,1,0,1,0
1,20.0,1,1,1,1,1,1,1,0,1,1,1,2,0,2,2,2,1,1,1,2,1,2,1,1,0,0,1,0
2,20.0,1,1,0,0,0,0,2,2,1,1,0,2,1,2,2,2,0,0,0,0,0,0,0,0,1,1,2,1
3,21.0,1,1,1,0,1,1,0,2,1,1,0,0,3,2,1,2,0,1,1,2,1,0,1,0,1,0,1,0
4,21.0,1,1,1,1,0,1,0,2,1,1,0,2,3,2,2,2,0,1,1,2,1,2,1,1,1,1,0,0
5,21.0,1,0,0,0,1,0,1,1,0,0,1,1,1,1,1,0,1,0,0,1,1,2,1,1,1,0,1,0
6,20.0,0,1,1,1,1,1,1,2,1,1,0,0,3,2,1,2,0,1,1,0,0,0,0,1,1,0,0,0
7,20.0,0,1,0,0,1,1,1,1,1,1,1,0,0,2,1,2,0,1,1,2,0,0,0,0,1,1,1,0
8,20.0,0,1,1,1,0,0,0,0,1,0,0,0,1,2,2,1,0,1,1,2,1,2,1,1,0,1,1,0
9,19.0,0,1,0,1,0,0,1,2,0,0,0,0,3,2,1,1,0,1,1,0,1,2,1,1,1,0,0,1
10,20.0,0,1,0,1,0,1,0,2,1,1,0,1,1,2,0,2,0,0,1,1,1,0,0,0,1,1,2,1
11,28.0,0,1,1,1,1,0,2,2,1,1,0,2,3,1,1,2,1,0,1,1,1,2,1,1,0,0,0,1
12,21.0,1,1,1,1,1,1,0,2,1,1,1,0,1,2,1,2,0,1,1,1,1,2,1,1,1,1,1,0
13,30.0,0,1,1,1,1,1,1,1,1,1,0,2,1,2,2,2,1,1,1,2,1,2,1,1,0,0,1,0
14,23.0,0,1,1,1,1,1,1,1,0,0,1,0,1,2,1,2,0,1,1,1,1,2,1,1,0,0,2,0
15,20.0,0,1,0,1,1,0,0,2,1,1,1,0,3,2,2,1,0,1,1,2,1,1,1,1,1,0,1,0
16,45.0,0,0,1,0,0,1,2,2,0,1,0,2,2,2,2,1,0,1,0,0,1,1,1,1,0,0,0,1
17,45.0,0,0,1,0,0,1,2,2,0,1,0,2,2,2,2,1,0,1,0,0,1,1,1,1,0,0,0,1
18,20.0,1,1,0,1,1,1,2,0,1,1,1,0,1,2,2,2,0,1,1,0,1,0,0,1,1,0,1,0
19,33.0,1,1,1,0,1,1,0,0,0,0,1,0,1,2,1,0,0,1,1,0,1,2,1,1,0,0,0,0
20,20.0,1,0,1,0,0,0,0,2,0,1,0,2,2,2,1,1,1,1,1,0,1,2,1,1,0,1,2,0
21,22.0,0,1,1,1,1,1,1,2,1,1,1,2,3,2,2,1,1,1,1,2,1,1,0,0,0,0,1,1
22,20.0,0,1,1,1,1,0,1,2,1,1,0,2,2,2,2,2,1,0,1,0,1,0,1,1,0,0,1,0
23,20.0,0,1,1,1,1,1,0,2,1,1,0,0,3,1,1,1,0,1,0,1,0,2,1,1,1,1,2,1
24,20.0,1,1,1,1,1,1,2,2,1,1,1,2,1,2,2,2,0,1,1,2,1,2,1,1,0,1,1,0
25,20.0,1,1,0,1,0,0,1,0,0,1,0,1,1,2,1,2,0,0,1,2,0,2,1,1,1,1,0,0
26,19.0,0,1,1,1,1,1,0,0,0,0,0,2,1,1,2,2,0,1,1,1,1,0,1,1,0,1,0,1
27,20.0,1,1,1,1,1,1,1,2,0,0,0,0,1,2,2,2,0,1,1,1,0,1,1,0,0,1,2,0
28,20.0,0,1,0,1,0,1,2,2,1,1,0,0,3,2,2,2,0,1,0,2,0,0,1,1,0,1,0,1
29,20.0,0,1,1,0,1,1,0,0,1,1,0,0,3,2,0,1,0,0,1,0,1,0,1,0,1,1,1,0
30,19.0,0,1,0,1,0,1,0,2,1,1,0,2,1,0,2,1,0,1,1,0,0,0,0,1,1,0,0,1
31,20.0,0,1,0,1,0,0,2,1,0,0,0,1,0,2,2,1,0,1,1,2,1,2,1,1,0,0,2,0
32,20.0,1,1,0,0,1,1,0,0,1,1,1,0,1,2,1,2,0,1,1,2,1,0,0,0,0,1,1,0
33,30.0,0,1,1,1,1,0,0,1,1,1,0,1,2,2,1,0,0,1,1,1,1,1,1,1,0,0,0,1
34,20.0,1,1,0,1,1,1,2,0,1,1,1,0,1,2,2,2,0,1,1,0,1,0,0,1,1,0,1,0
35,20.0,1,1,0,1,1,1,2,0,1,1,1,0,1,2,2,2,0,1,1,0,1,0,0,1,1,0,1,0
36,20.0,0,1,0,1,1,1,1,1,1,1,1,0,2,2,1,2,0,1,1,2,1,2,1,1,0,0,1,0
37,32.0,1,0,0,1,0,1,1,1,1,1,0,0,2,2,1,0,0,1,1,2,1,0,1,1,0,1,1,1
38,32.0,0,1,1,0,0,0,1,0,1,1,0,1,3,0,1,2,0,1,1,2,1,2,1,1,0,1,2,0
39,20.0,1,1,0,1,1,1,0,1,1,1,1,1,1,2,1,2,0,1,1,2,1,2,0,0,0,1,1,0
40,21.0,0,1,0,1,1,1,0,0,1,1,0,0,1,2,1,0,0,1,1,1,0,2,1,1,0,0,0,0
41,19.0,1,1,1,1,1,1,0,2,1,1,1,2,1,2,0,2,0,0,1,2,1,2,0,0,1,1,1,0
42,22.0,0,1,1,1,1,1,1,0,1,1,1,2,1,2,1,2,0,0,1,2,1,1,1,1,0,0,1,0
43,25.0,2,1,1,1,1,1,0,2,1,1,1,2,3,2,0,2,0,0,1,2,1,2,0,1,0,0,1,1
44,21.0,0,1,0,1,0,0,0,0,0,1,0,2,3,2,1,2,0,1,1,2,0,1,1,1,0,1,2,0
45,20.0,0,1,1,1,1,1,1,2,0,1,0,2,4,2,1,0,0,0,1,2,0,0,1,1,1,1,0,0
46,20.0,0,1,1,1,1,1,1,2,0,0,0,0,1,2,2,2,0,1,1,2,1,2,1,1,1,1,2,0
47,19.0,1,1,1,1,1,1,0,2,0,0,1,2,1,2,1,2,0,1,1,2,0,1,1,1,1,1,1,1
48,28.0,0,1,1,0,0,0,0,1,0,0,0,2,2,2,2,2,0,0,1,1,0,0,1,1,0,0,0,1
49,20.0,0,1,0,1,1,0,2,0,1,1,0,1,3,2,1,2,1,1,1,1,1,2,1,1,0,1,0,0
50,20.0,0,1,0,1,0,1,1,2,0,1,0,2,3,2,2,0,0,0,1,1,0,2,1,1,0,0,0,0
51,21.0,0,1,0,0,0,0,2,0,0,0,0,2,1,2,2,2,1,1,1,0,0,0,1,0,0,0,2,1
52,22.0,1,1,1,0,1,1,0,2,0,0,1,2,3,2,2,2,0,1,1,2,1,2,1,1,0,0,1,0
53,20.0,1,1,1,1,1,1,0,1,1,1,1,2,3,2,1,1,1,0,0,0,0,1,1,1,0,0,2,1
54,18.0,1,1,1,1,1,1,0,2,1,1,1,2,3,2,2,2,1,1,1,2,1,2,1,1,0,0,1,0
55,22.0,0,1,1,1,1,1,1,1,0,1,0,2,1,1,1,1,1,1,0,1,1,2,1,1,1,1,0,1
56,20.0,0,1,1,1,1,1,1,1,0,1,1,2,0,2,1,2,0,0,1,2,1,2,1,1,1,0,1,0
57,28.0,0,0,1,0,1,1,2,2,1,0,1,2,0,1,1,2,1,1,1,2,0,2,1,0,0,0,0,0
58,20.0,0,1,1,1,1,0,1,0,0,1,1,2,1,1,1,0,0,0,1,2,1,0,0,1,1,1,0,1
59,20.0,1,0,0,0,1,0,1,1,0,0,0,0,1,0,1,1,1,1,0,2,1,0,1,1,0,1,1,0
60,18.0,1,0,0,0,1,0,1,2,1,1,0,0,2,1,2,2,1,1,1,0,1,2,1,0,0,0,1,0
61,31.0,1,1,1,0,0,0,0,1,1,1,0,1,0,2,1,2,0,1,1,2,1,2,1,1,0,1,0,0
62,33.0,1,1,1,0,0,1,0,1,1,1,0,1,1,2,2,2,0,1,0,1,0,2,1,1,0,0,0,0
63,32.0,1,1,1,0,0,0,0,0,1,0,0,2,3,2,0,0,1,0,0,2,0,0,1,1,1,0,0,0
64,27.0,1,1,1,1,0,1,2,0,1,1,0,1,1,2,1,2,0,1,1,2,1,2,1,1,0,1,1,0
65,25.0,1,1,1,1,1,1,0,2,1,0,1,1,1,2,2,0,0,1,1,2,1,2,1,1,1,0,2,1
66,39.0,1,1,0,0,0,0,1,1,0,0,0,1,2,2,1,2,1,0,0,1,1,2,1,1,0,0,0,0
67,26.0,1,1,1,1,1,1,0,0,1,1,1,2,0,2,2,2,0,1,1,2,1,2,1,1,1,1,1,0
68,31.0,1,1,0,0,0,0,1,1,1,1,0,2,2,2,1,2,0,1,1,1,1,0,1,1,1,0,2,0
69,24.0,1,1,0,1,0,1,1,1,1,1,0,2,2,2,2,2,0,1,0,2,0,2,1,0,0,0,0,0
70,36.0,2,0,0,0,0,0,1,1,0,1,0,0,4,1,2,1,1,0,0,1,0,1,0,0,1,1,2,1
71,23.0,1,1,1,1,1,1,0,2,1,1,1,2,3,2,0,2,0,1,1,1,0,0,1,1,0,1,2,0
72,22.0,1,1,0,1,0,1,0,0,1,1,1,2,3,2,1,2,0,1,1,1,1,2,1,0,0,1,0,0
73,19.0,1,1,1,1,0,1,1,2,0,0,0,0,1,0,1,2,0,0,1,0,0,2,0,1,1,0,1,1
74,29.0,1,0,0,0,0,0,1,1,0,0,0,1,4,1,1,1,1,0,0,1,1,2,1,1,0,0,0,0
75,28.0,1,0,1,0,1,1,1,2,1,0,1,1,1,2,0,2,1,0,0,1,0,1,0,0,0,1,0,0
76,20.0,1,1,0,1,1,1,2,0,1,1,1,0,1,2,2,2,0,1,1,0,1,0,0,1,1,0,1,0
77,28.0,1,0,1,0,1,1,1,2,1,0,1,1,1,2,0,2,1,0,0,1,0,1,0,0,0,1,0,0
78,19.0,0,1,0,1,1,0,0,0,1,0,1,1,1,2,1,2,0,0,0,2,1,1,0,0,1,0,1,0
79,31.0,1,1,0,0,0,1,0,1,1,0,0,1,0,2,1,2,0,1,0,2,1,0,1,1,0,1,2,0
80,24.0,0,1,0,0,0,0,0,1,1,1,0,2,3,2,1,2,0,1,1,2,1,2,1,1,0,1,2,1
81,26.0,0,1,1,1,0,0,0,2,1,1,0,2,3,2,2,2,0,1,1,0,1,2,1,0,0,0,0,0
82,28.0,0,1,0,1,1,1,0,0,1,1,1,2,1,2,2,2,0,1,1,2,1,2,1,1,0,1,1,0
83,28.0,0,1,1,1,0,1,1,1,1,0,1,2,4,1,2,1,1,0,1,1,1,1,0,0,1,1,1,1
84,20.0,1,1,1,1,1,1,0,0,1,1,1,2,0,2,1,2,0,0,1,1,0,2,1,1,1,0,1,0
85,20.0,1,1,0,1,0,1,2,2,1,0,1,2,1,2,2,1,0,1,1,2,1,2,1,1,0,0,1,1
86,19.0,0,1,1,1,0,0,1,2,1,1,0,2,1,2,2,2,0,0,1,2,0,0,1,1,1,0,1,1
87,18.0,0,1,1,1,0,1,0,2,1,1,0,0,1,2,2,2,0,1,1,2,1,2,1,0,1,1,0,1
88,18.0,0,1,1,1,1,0,1,2,1,1,0,2,4,0,1,2,1,0,1,2,1,1,1,1,1,0,1,1
89,20.0,0,1,0,0,1,1,1,2,1,1,0,2,3,2,1,2,1,1,1,2,0,0,1,1,1,0,1,0
90,18.0,0,1,1,1,1,0,1,0,1,1,0,2,1,2,1,2,1,1,1,0,1,2,1,1,0,1,0,0
91,19.0,1,1,0,0,1,1,1,2,0,1,1,0,0,2,1,2,0,0,1,2,0,2,1,1,1,1,0,0
92,19.0,0,1,0,1,0,0,1,1,0,1,0,0,3,2,0,0,0,0,1,2,1,0,1,1,0,0,0,0
93,18.0,1,1,1,1,0,0,1,0,0,1,0,1,2,2,1,1,0,0,1,1,1,0,1,0,1,1,0,0
94,17.0,2,1,0,0,0,0,1,1,0,0,1,1,4,0,2,2,1,1,1,1,0,1,0,0,1,0,1,0
95,18.0,0,1,0,0,1,0,2,1,1,1,0,1,1,2,0,0,0,1,1,1,0,0,0,1,0,0,1,0
96,19.0,1,1,1,0,0,1,1,1,0,1,0,1,2,0,1,0,0,1,1,2,1,0,1,1,0,0,0,0
97,21.0,0,1,0,1,1,0,0,0,0,1,0,2,3,2,1,1,0,1,1,1,0,0,1,1,0,0,0,0
98,20.0,0,1,1,0,0,0,1,2,1,0,0,0,2,2,1,0,1,1,1,0,1,1,1,1,0,0,1,0
99,18.0,0,1,0,1,1,0,0,2,1,1,0,0,1,2,2,2,0,1,1,2,0,1,1,1,1,1,1,0
100,18.0,0,1,0,1,0,0,2,0,1,1,0,0,2,2,0,2,0,1,1,0,0,0,1,1,0,0,1,0
101,18.0,0,1,0,0,0,1,1,1,1,1,0,0,1,0,1,2,1,0,0,0,1,1,1,1,1,0,1,0
102,19.0,0,1,0,1,1,0,1,1,1,1,1,0,1,2,2,1,0,1,0,0,1,2,1,1,0,1,0,0
103,18.0,0,1,0,0,0,0,1,2,1,1,0,0,2,0,2,0,1,0,1,2,0,0,1,1,1,0,1,1
104,19.0,0,1,0,1,1,0,1,2,1,1,0,0,3,2,1,2,1,0,0,1,0,0,1,1,1,0,1,1
105,19.0,1,1,0,0,1,0,0,0,0,0,1,2,3,2,0,2,0,1,1,0,1,1,1,1,0,1,1,0
106,18.0,0,1,1,1,0,1,0,0,0,0,0,1,1,2,1,2,0,0,1,0,1,2,1,1,0,1,0,1
107,19.0,0,1,1,1,0,0,1,2,1,1,0,2,3,2,2,1,1,1,1,2,1,1,1,0,1,0,1,0
108,18.0,0,1,1,1,1,0,1,0,1,1,0,2,1,2,1,2,1,1,1,0,1,2,1,1,0,1,0,0
109,61.0,1,1,0,0,0,0,0,1,1,0,0,1,0,2,1,1,0,1,1,2,1,2,1,1,0,1,0,1
110,18.0,0,1,0,0,0,0,1,2,1,1,0,0,2,0,2,0,1,0,1,2,0,0,1,1,1,0,1,1
111,18.0,0,1,0,1,1,0,0,2,1,1,0,0,1,2,2,2,0,1,1,2,0,1,1,1,1,1,1,0
112,21.0,0,1,0,1,0,1,0,2,1,0,1,1,3,2,2,2,0,1,1,2,1,2,1,1,1,1,0,1
113,21.0,1,1,1,1,0,0,0,2,1,1,1,2,1,2,2,2,0,1,1,1,0,2,1,1,1,1,0,1
114,20.0,0,1,0,1,1,1,0,1,1,1,1,2,1,2,2,2,0,1,1,1,1,0,1,1,0,1,0,1
115,20.0,1,1,0,1,0,0,0,2,1,1,1,2,1,2,2,2,1,1,1,2,1,2,1,1,0,1,0,1
116,16.0,0,1,0,1,0,0,1,0,1,0,1,2,3,2,2,2,0,1,1,2,1,2,1,1,1,0,0,1
117,25.0,2,1,0,1,1,1,2,2,1,1,1,0,4,2,1,2,0,1,1,2,0,0,0,0,0,1,2,0
118,20.0,2,0,1,0,0,0,1,1,0,0,0,1,0,1,2,1,1,0,0,1,1,2,1,1,1,0,0,0
119,20.0,1,1,0,1,0,1,0,0,1,1,1,1,1,2,2,2,0,1,1,2,1,2,1,1,0,0,1,0
120,21.0,1,1,1,1,1,0,0,2,1,1,1,2,1,2,2,2,0,1,1,2,1,2,1,1,0,1,1,0
121,20.0,0,1,0,1,0,1,0,2,1,1,1,2,3,2,2,2,0,1,1,2,1,2,1,1,0,1,0,1
122,21.0,0,1,1,0,0,1,0,0,0,0,0,1,1,2,1,1,0,0,1,1,1,2,1,1,0,1,1,0
123,8.0,1,0,1,0,0,0,1,1,0,0,0,1,3,2,2,2,1,1,1,2,1,2,0,1,0,0,0,1
124,37.0,1,1,1,1,0,1,0,2,1,1,1,2,0,2,2,2,0,1,1,2,1,2,1,1,0,1,0,1
125,21.0,0,1,1,1,1,0,2,2,1,0,0,2,3,2,1,2,0,1,0,2,0,2,1,1,0,1,0,0
126,30.0,0,1,1,0,0,0,1,0,0,1,1,1,2,2,1,2,1,1,0,1,1,2,1,0,0,0,1,1
127,27.0,1,1,0,1,1,0,0,2,1,0,1,2,4,1,2,2,1,1,1,1,1,1,1,0,1,0,0,1
128,48.0,1,0,1,0,0,0,2,0,0,1,1,2,3,2,1,2,1,0,1,1,1,2,0,1,1,0,0,1
129,39.0,0,1,0,1,0,1,0,1,1,0,0,2,2,1,2,1,1,1,1,2,1,1,1,1,0,1,0,1
130,19.0,1,1,0,1,1,0,1,0,1,0,1,2,0,2,1,2,1,0,1,1,1,1,1,1,0,0,1,0
131,26.0,0,1,0,1,1,0,1,2,0,1,1,1,2,2,1,2,0,1,0,1,1,2,0,0,0,0,2,1
132,36.0,1,1,0,1,1,0,0,1,1,0,1,2,1,2,0,1,0,1,0,2,1,1,1,1,0,0,0,1
133,18.0,0,1,0,1,1,0,1,1,1,1,1,2,0,1,1,2,0,1,1,1,1,2,0,0,0,1,2,0
134,27.0,0,1,0,1,0,1,0,2,1,0,1,2,2,2,0,1,1,1,0,2,1,1,1,1,0,0,1,0
135,28.0,1,1,0,1,0,1,1,0,1,0,1,1,2,2,2,1,1,1,1,1,1,1,1,0,0,1,0,1
136,19.0,1,1,0,1,0,1,1,0,1,1,1,0,0,1,2,2,0,1,1,0,1,1,1,1,1,0,0,0
137,21.0,1,1,0,1,0,0,1,2,0,1,1,1,3,2,2,2,0,1,1,1,1,1,1,1,1,0,1,0
138,22.0,1,1,0,1,1,1,0,2,1,1,0,2,3,2,1,1,0,1,1,0,1,2,0,1,0,0,1,1
139,23.0,1,1,0,1,1,0,1,2,1,0,0,2,3,2,2,0,0,1,1,2,0,0,1,1,1,0,1,0
140,22.0,1,1,0,1,0,1,0,1,1,1,0,1,0,1,1,2,1,1,0,1,1,2,1,0,0,1,2,1
141,20.0,0,1,1,0,1,0,2,1,0,1,1,0,1,1,2,0,1,0,1,1,1,1,1,1,0,0,0,1
142,28.0,1,1,0,1,0,1,1,0,1,0,1,2,3,2,2,2,1,1,0,1,0,2,0,1,0,1,1,1
143,28.0,1,0,0,1,0,1,1,2,1,0,1,1,4,2,1,2,1,1,1,1,0,2,1,0,0,1,0,1
144,45.0,1,1,0,1,1,0,1,2,1,0,1,2,0,2,1,2,0,1,0,1,1,2,0,0,0,0,1,1
145,26.0,1,1,0,1,0,1,0,0,0,0,1,2,4,2,1,2,1,0,0,2,1,2,1,0,0,1,1,1
146,20.0,0,1,0,1,1,0,2,2,1,0,1,1,3,1,2,2,1,0,0,1,1,2,1,1,0,0,0,0
147,29.0,1,1,0,1,0,1,0,1,1,0,1,2,2,2,1,1,1,1,0,2,1,1,1,1,0,0,0,1
148,17.0,0,1,0,1,1,0,1,1,1,0,1,1,0,2,1,2,0,1,1,1,1,1,1,1,1,0,2,1
149,20.0,1,1,1,1,1,0,0,1,1,0,0,1,3,1,2,2,1,1,1,2,1,1,1,1,0,1,1,1
150,25.0,1,1,0,1,1,0,0,0,1,0,1,1,4,1,2,1,1,1,0,2,1,0,1,1,0,1,1,1
151,37.0,0,1,0,1,1,0,1,0,1,0,1,0,2,2,1,2,1,0,1,1,0,1,1,1,1,0,2,1
152,24.0,1,1,0,1,1,0,1,1,1,0,1,2,2,1,2,2,0,1,0,1,1,0,1,0,0,0,0,1
153,28.0,0,1,0,1,1,0,0,2,1,0,0,2,3,1,2,2,0,1,1,2,1,2,1,1,1,0,0,0
154,38.0,0,1,0,1,0,0,1,1,1,0,1,2,2,0,1,0,0,1,1,1,1,2,1,1,1,0,0,1
155,22.0,0,1,1,0,1,1,0,0,0,1,1,1,1,2,1,2,1,1,1,2,0,2,0,1,0,0,2,0
156,33.0,1,1,0,1,1,1,0,2,0,1,1,0,4,2,1,1,1,1,1,2,1,2,1,1,0,0,0,0
157,55.0,0,1,1,0,0,1,0,0,1,0,1,2,3,1,2,2,1,1,0,2,1,1,1,1,1,0,0,0
158,31.0,0,1,0,1,1,0,1,0,0,1,1,0,2,0,1,1,1,1,1,2,1,1,0,1,0,1,2,0
159,27.0,1,1,0,0,1,1,0,2,0,1,1,2,2,2,1,2,0,1,1,1,0,2,1,1,0,0,1,0
160,22.0,1,1,1,0,1,0,1,0,1,1,0,1,4,1,2,2,1,0,1,1,1,2,0,1,1,0,2,0
161,46.0,1,1,1,0,0,0,1,1,0,0,1,2,3,1,1,2,1,1,0,2,1,0,1,1,0,0,2,0
162,55.0,0,1,0,1,1,0,1,0,1,1,0,1,0,1,0,1,1,0,1,1,1,2,1,1,1,0,0,0
163,22.0,0,0,1,1,0,1,1,0,1,0,1,1,1,1,2,2,1,0,1,2,1,1,1,1,1,0,0,1
164,60.0,1,0,1,1,1,1,1,1,1,0,0,2,4,2,1,2,0,1,0,2,1,1,1,0,0,0,0,1
165,38.0,0,1,0,1,1,1,0,2,0,1,0,2,3,1,2,2,1,1,1,1,1,2,1,1,0,0,1,1
166,29.0,0,0,1,0,1,0,1,2,0,1,1,1,1,2,0,2,1,0,1,1,1,2,0,1,0,0,0,1
167,26.0,1,0,1,1,0,1,1,0,0,0,1,2,4,2,2,2,0,1,0,2,1,2,1,1,0,1,0,1
168,19.0,0,1,1,1,1,1,0,2,1,1,0,2,2,2,2,2,1,0,1,2,1,1,1,1,0,0,0,0
169,56.0,1,0,1,1,0,1,0,2,0,1,1,2,3,2,2,2,1,0,1,2,1,2,1,0,1,0,0,1
170,27.0,1,1,1,0,1,0,0,2,0,1,1,2,0,2,2,1,1,1,1,1,1,1,1,1,1,0,0,1
171,23.0,0,1,1,0,1,1,1,2,1,1,0,2,0,2,0,2,1,1,0,2,1,0,1,1,0,0,0,0
172,23.0,1,0,1,1,0,1,0,0,1,1,0,2,0,0,2,2,1,1,1,0,0,2,1,1,1,0,2,0
173,36.0,1,1,1,0,1,0,1,2,0,1,1,2,2,2,2,2,1,0,0,1,0,2,0,1,0,0,0,0
174,56.0,1,1,1,1,1,0,0,0,1,1,0,2,0,1,2,2,0,0,0,2,1,2,1,0,1,0,2,0
175,29.0,1,1,1,0,1,0,0,2,1,1,1,1,2,0,2,2,0,0,1,2,1,1,1,0,0,0,1,0
176,32.0,1,1,1,1,1,1,1,1,1,1,1,1,1,1,2,2,1,1,0,2,0,1,1,1,0,1,1,0
177,30.0,1,1,0,0,1,1,1,0,1,1,1,2,3,2,1,2,1,1,0,1,1,2,1,1,1,0,0,1
178,30.0,0,1,0,1,1,1,0,1,0,1,0,1,0,2,1,2,1,0,1,2,1,2,1,0,1,0,1,0
179,30.0,0,1,1,1,1,1,0,0,1,1,1,0,1,2,1,2,1,1,1,2,1,1,1,0,0,0,0,0
180,32.0,0,1,0,0,1,1,0,2,1,0,1,2,3,2,2,2,0,1,0,2,0,2,1,1,1,0,0,1
181,20.0,1,1,0,1,0,0,1,0,0,1,0,1,1,2,1,2,0,0,1,2,0,2,1,1,1,1,0,0
182,22.0,1,1,1,1,1,0,0,2,0,1,1,1,1,1,2,2,0,1,1,2,1,2,1,1,0,0,1,1
183,22.0,1,1,1,1,1,0,1,1,1,0,0,0,3,2,2,1,1,0,0,2,0,2,0,0,0,1,2,0
184,21.0,1,1,0,0,1,1,0,0,1,1,1,1,3,2,0,1,0,1,1,0,0,1,0,1,1,0,2,0
185,22.0,2,1,0,1,1,1,1,1,1,1,0,0,3,2,2,1,0,1,0,0,1,1,1,1,0,0,1,0
186,20.0,0,1,1,1,0,1,2,1,0,0,0,1,2,2,0,2,1,1,0,2,0,2,0,1,1,0,1,1
187,22.0,0,0,0,1,0,1,2,1,0,0,1,1,2,0,0,1,1,1,1,2,1,0,1,0,1,1,1,1
188,19.0,0,1,1,1,1,1,0,0,1,1,1,0,2,0,1,0,0,1,0,1,0,2,0,0,1,1,2,1
189,19.0,1,1,0,1,1,0,0,1,1,0,0,2,1,2,1,2,0,0,1,2,0,2,0,1,1,0,2,0
190,22.0,1,1,0,0,0,1,1,1,1,1,0,1,1,0,2,0,1,0,1,1,1,1,1,0,0,1,1,0
191,23.0,1,1,1,0,0,1,0,1,0,0,1,0,1,0,1,1,1,0,0,0,1,1,1,1,0,0,0,1
192,23.0,0,1,0,1,1,1,1,1,1,1,0,2,4,2,2,2,0,1,1,1,1,0,0,0,0,1,0,0
193,22.0,0,1,1,1,1,0,1,1,0,1,0,2,0,0,1,2,0,1,1,1,1,0,0,0,0,0,2,0
194,23.0,0,0,0,1,1,1,2,1,1,1,0,0,4,2,0,0,1,1,1,2,1,2,1,1,1,1,1,1
195,19.0,1,1,0,1,1,0,2,1,0,0,1,1,4,2,2,0,1,0,1,2,0,0,0,1,1,1,2,0
196,18.0,1,0,1,0,1,1,0,1,1,1,1,1,3,2,1,0,1,0,1,0,1,1,0,1,0,1,2,0
197,22.0,1,1,0,1,1,1,1,1,1,1,0,0,0,0,1,0,0,1,1,2,1,1,0,1,0,0,0,0
198,21.0,0,0,1,1,0,1,2,2,1,0,1,1,2,0,2,1,1,0,0,0,0,2,1,0,1,1,1,0
199,18.0,0,1,0,0,1,1,1,0,1,0,0,2,2,2,1,2,0,1,1,0,0,2,0,0,1,0,1,1
200,21.0,0,1,0,0,1,1,0,2,1,1,0,1,0,0,1,2,1,1,1,1,1,2,0,0,0,0,1,0
201,26.0,0,1,0,1,1,0,0,2,1,0,0,0,1,2,2,1,0,0,1,2,0,2,0,1,1,0,0,1
202,25.0,1,0,1,1,1,0,0,2,1,1,0,1,2,1,2,1,0,0,1,2,1,0,1,1,0,1,1,0
203,25.0,0,1,1,0,0,0,1,1,0,1,1,2,3,2,0,1,0,1,1,2,0,1,1,1,0,0,1,1
204,27.0,0,1,1,1,0,1,1,2,1,1,1,2,0,1,2,2,0,0,1,2,1,0,1,0,1,0,1,0
205,26.0,1,1,0,1,0,0,1,1,1,1,0,2,1,2,2,0,1,1,0,1,0,0,1,0,1,0,2,1
206,23.0,0,0,0,1,1,1,1,0,1,1,0,1,2,2,2,0,0,0,1,1,1,0,0,1,1,0,1,1
207,25.0,0,0,1,1,1,0,0,2,1,1,0,1,1,0,2,2,1,0,0,1,0,0,0,0,1,0,0,0
208,22.0,0,1,1,0,1,0,1,2,1,0,0,2,2,1,0,1,0,1,0,0,0,0,0,1,1,0,1,0
209,22.0,1,0,1,1,1,0,2,2,0,1,0,1,4,2,1,2,0,0,0,0,1,1,0,1,1,1,1,0
210,21.0,0,1,1,1,1,1,2,2,1,1,0,2,2,0,2,0,0,0,1,2,1,2,1,1,0,0,1,0
211,23.0,0,1,1,1,1,1,0,1,1,1,0,1,3,2,2,0,0,1,1,1,1,2,0,1,1,0,0,0
212,20.0,0,1,0,1,1,0,0,1,0,1,1,1,0,0,2,2,1,1,1,1,1,1,1,1,0,1,2,1
213,20.0,1,1,1,0,1,0,2,2,1,1,1,2,2,0,2,0,1,0,0,2,0,2,1,1,1,0,2,1
214,21.0,1,0,1,1,1,0,1,2,1,0,0,2,2,0,2,1,1,1,1,2,0,0,0,1,1,0,0,1
215,22.0,0,0,0,1,0,1,2,2,0,1,0,2,0,1,2,1,1,0,1,0,0,0,0,0,1,0,0,1
216,21.0,0,1,0,1,0,1,2,0,0,1,0,0,2,2,2,2,1,1,1,2,0,1,0,1,1,1,1,1
217,18.0,0,1,0,1,0,0,1,0,1,1,0,2,4,0,1,0,1,0,1,2,0,0,0,0,1,0,1,0
218,22.0,1,0,1,0,0,1,1,2,0,0,0,1,3,1,0,2,1,0,1,0,0,0,0,0,0,1,2,0
219,22.0,1,1,0,1,0,1,2,2,1,0,0,2,3,1,2,0,0,0,0,1,1,1,1,1,0,1,1,0
220,19.0,1,0,1,1,1,0,0,2,0,1,0,0,0,2,2,1,1,0,1,0,1,2,1,0,1,1,0,1
221,18.0,1,1,1,1,1,0,1,2,1,1,1,2,1,0,2,1,1,1,0,0,1,1,1,1,0,0,1,0
222,25.0,0,1,1,1,1,0,1,2,1,0,0,1,2,2,2,2,1,1,1,1,0,2,1,0,1,1,2,1
223,27.0,0,1,1,1,0,1,1,0,1,1,1,0,4,1,1,2,0,1,1,2,0,0,0,0,0,1,1,0
224,21.0,1,0,0,1,1,1,2,0,1,1,0,0,4,2,0,2,0,1,1,1,0,2,1,1,1,1,0,0
225,18.0,1,1,1,0,1,0,1,2,1,0,0,2,4,0,2,1,0,1,1,1,0,1,0,1,0,1,0,1
226,20.0,0,1,0,0,0,1,1,2,1,0,0,2,0,1,2,1,1,1,1,0,1,2,0,1,1,0,2,1
227,25.0,0,0,0,1,1,1,1,0,1,1,1,2,3,2,0,1,1,0,1,0,0,1,1,0,1,1,2,1
228,19.0,0,1,1,1,1,1,2,2,1,0,0,2,3,2,0,1,1,0,1,0,1,2,0,0,0,0,0,0
229,18.0,1,1,0,1,1,0,2,1,1,0,0,1,3,2,1,2,1,0,1,0,0,0,0,1,0,0,1,0
230,22.0,1,1,1,1,1,1,0,0,1,1,1,2,3,2,1,1,1,1,0,1,1,0,1,1,0,1,2,0
231,18.0,0,1,1,1,1,0,1,1,1,0,1,2,3,2,2,0,1,0,1,0,0,0,1,1,0,1,1,0
232,20.0,0,1,1,1,1,1,1,0,0,1,1,1,2,2,1,0,1,0,0,0,1,1,0,0,0,1,0,0
233,21.0,1,1,0,1,1,1,0,0,1,0,1,2,3,2,0,2,1,0,0,2,0,2,1,0,1,0,2,1
234,18.0,0,1,0,1,1,1,0,1,1,0,0,2,3,0,1,0,0,0,0,0,1,1,1,1,1,0,2,0
235,19.0,1,1,0,0,0,0,0,1,1,0,0,2,4,2,1,1,0,0,0,2,0,2,0,1,1,1,0,1
236,21.0,1,1,0,1,1,0,1,0,1,1,0,1,0,2,2,1,1,1,1,1,1,1,1,1,1,0,1,0
237,24.0,0,0,1,0,1,1,1,1,1,1,1,2,1,2,2,2,0,0,0,2,1,1,0,0,0,1,1,0
238,19.0,1,1,1,1,1,1,2,0,1,1,0,1,1,2,2,2,0,1,0,0,1,2,1,1,0,0,1,0
239,24.0,0,1,1,1,1,0,1,2,1,0,0,2,4,0,1,1,1,0,0,0,0,0,1,0,0,1,0,1
240,19.0,0,0,0,0,1,1,1,0,1,1,0,2,4,2,0,1,0,1,1,1,1,2,0,1,1,0,1,1
241,19.0,1,1,1,1,1,0,0,2,1,0,1,2,3,2,2,1,0,1,0,0,1,0,0,0,0,0,1,0
242,18.0,0,1,1,0,1,1,2,0,1,1,0,2,1,2,1,0,1,0,1,2,1,0,0,0,1,0,1,0
243,23.0,0,0,1,1,1,1,1,2,1,1,1,1,3,0,1,1,1,1,1,2,1,0,1,1,1,0,1,1
244,21.0,1,0,0,1,0,1,1,2,1,0,0,0,2,2,2,1,1,0,1,1,1,2,1,1,0,1,1,0
245,23.0,1,1,0,0,1,1,0,2,1,1,1,2,1,0,0,0,0,0,0,1,0,2,1,0,1,0,1,1
246,18.0,1,0,0,1,1,1,0,1,1,1,1,1,1,0,2,1,1,1,1,2,0,1,0,0,0,0,1,0
247,23.0,0,1,1,1,1,1,2,0,1,1,0,1,4,2,1,1,0,1,1,2,0,2,1,1,1,0,0,1
248,22.0,0,1,0,1,0,0,0,2,1,1,0,1,4,0,2,1,1,0,0,1,0,1,0,0,1,1,2,0
249,27.0,0,1,1,1,1,0,2,0,1,1,1,1,3,1,2,0,0,1,1,0,1,1,1,0,0,0,1,1
250,23.0,1,0,1,0,1,1,1,2,1,1,0,2,4,0,2,1,1,1,1,2,1,0,1,1,0,0,1,1
251,26.0,0,1,1,0,0,1,1,1,0,0,0,2,0,1,2,0,1,0,1,1,0,1,0,1,0,1,1,0
252,21.0,1,0,0,1,1,0,0,2,0,1,0,0,0,0,0,0,0,0,0,0,0,0,0,1,0,0,2,0
253,20.0,0,0,1,0,0,0,2,1,1,0,1,1,4,0,1,2,1,0,0,2,1,2,0,0,1,1,2,1
254,20.0,1,1,0,1,1,0,0,1,0,0,1,2,0,1,1,1,1,0,0,0,0,2,0,1,1,0,0,0
255,21.0,1,1,1,0,0,1,1,2,1,1,0,2,2,2,2,0,1,1,0,1,1,2,1,0,0,0,2,1
256,27.0,1,0,0,1,1,1,0,0,1,1,0,1,3,2,2,2,1,0,0,0,0,1,0,1,0,0,1,0
257,21.0,1,1,1,1,1,1,2,1,1,1,0,2,3,0,1,0,1,0,0,0,1,1,1,0,1,0,2,0
258,21.0,0,1,1,1,1,0,0,2,0,1,0,1,4,2,1,2,1,1,0,1,0,0,1,0,0,0,2,0
259,27.0,1,1,0,1,1,1,0,1,1,0,1,2,4,1,0,1,0,0,1,2,1,2,0,1,0,0,2,1
260,24.0,0,1,1,1,1,1,2,1,1,1,1,1,4,0,0,1,0,0,1,0,0,2,1,1,1,0,1,1
261,19.0,0,1,0,1,1,1,2,0,0,1,0,2,4,2,1,0,1,1,1,0,1,2,1,1,1,1,2,1
262,23.0,1,1,0,0,1,0,0,0,1,1,0,1,2,1,1,1,1,1,0,1,0,0,1,1,1,1,1,0
263,20.0,0,1,1,1,0,1,2,2,1,0,0,2,4,0,0,0,1,0,0,0,0,1,1,0,1,1,0,1
264,26.0,1,1,0,0,1,1,1,1,1,1,0,1,4,2,2,0,1,1,0,2,1,2,1,0,1,0,1,1
265,22.0,0,1,1,0,1,0,1,0,1,1,0,1,3,2,0,0,0,0,1,0,0,2,0,0,1,1,2,0
266,25.0,0,0,0,0,1,1,0,1,1,1,0,2,3,1,0,2,0,1,0,1,1,1,0,0,0,0,2,1
267,19.0,0,1,0,1,0,0,0,1,1,1,0,0,0,0,1,0,1,1,1,0,1,1,0,0,1,0,2,0
268,23.0,1,1,1,1,0,1,0,1,1,0,1,0,3,0,1,0,0,1,1,2,0,2,1,0,1,0,0,0
269,19.0,1,1,1,0,1,1,1,2,1,1,1,1,1,2,1,1,0,1,1,1,0,2,1,0,0,1,0,0
270,19.0,1,0,0,0,1,1,1,0,1,1,0,2,1,0,2,2,1,0,1,0,1,2,0,0,1,1,2,0
271,27.0,0,0,0,1,1,1,1,2,1,1,0,0,3,0,2,2,0,0,1,2,1,1,0,0,0,1,2,1
272,27.0,1,1,1,1,1,1,1,1,0,1,0,1,0,0,0,2,0,1,1,0,0,1,0,1,1,0,1,0
273,26.0,1,0,0,1,1,1,0,2,1,1,1,0,2,2,1,1,1,1,0,0,1,1,0,1,0,1,1,0
274,22.0,1,1,0,0,1,1,0,0,1,0,1,2,4,1,2,1,1,1,0,2,1,2,1,1,0,1,1,1
275,21.0,1,0,0,0,1,0,0,2,1,0,0,2,2,1,1,1,0,0,1,1,1,1,0,0,1,1,0,0
276,23.0,1,1,1,1,1,0,2,0,0,1,1,1,2,1,0,0,0,1,1,1,0,1,0,1,1,1,2,1
277,22.0,1,1,1,1,1,1,1,1,0,1,1,2,3,2,0,2,0,0,1,2,1,2,1,0,0,0,1,0
278,27.0,0,1,0,0,1,0,2,1,1,1,0,2,4,0,2,0,0,1,1,2,1,1,0,1,1,1,0,1
279,21.0,0,1,0,1,1,1,2,2,0,1,1,2,2,1,0,1,1,1,1,2,0,0,0,0,0,0,1,0
280,25.0,0,1,1,0,1,1,1,0,0,0,0,0,1,1,2,1,0,0,1,0,0,2,0,0,0,1,0,1
281,22.0,1,1,1,0,1,1,2,1,1,1,1,1,4,0,0,0,0,1,1,0,1,1,1,0,1,0,2,0
282,24.0,1,0,1,1,0,1,2,0,1,1,0,1,2,2,1,1,0,0,0,1,1,0,1,0,1,0,0,0
283,21.0,0,1,1,1,1,1,1,2,0,1,0,2,2,1,2,0,0,0,1,0,0,0,1,1,1,1,0,1
284,24.0,1,1,1,1,1,1,0,2,1,0,1,0,4,2,2,0,1,0,0,1,1,1,0,1,1,0,2,0
285,25.0,1,1,1,1,1,1,1,2,1,1,1,1,0,2,2,2,0,1,1,1,0,0,1,1,0,0,1,0
286,23.0,1,1,1,1,1,0,1,2,1,0,1,0,4,1,1,1,1,0,1,0,0,0,0,0,1,0,2,1
287,23.0,0,1,1,1,0,0,1,2,1,1,0,1,2,2,2,2,0,0,0,0,1,2,0,1,0,0,0,1
288,27.0,0,1,0,0,1,0,1,0,1,1,0,2,4,1,2,2,0,1,1,2,1,0,1,0,0,1,0,0
289,20.0,1,0,0,1,0,0,0,2,1,1,0,2,3,1,2,2,1,0,1,0,0,0,1,1,1,0,1,1
290,24.0,1,1,1,1,1,1,2,1,1,1,0,2,1,1,2,0,0,1,0,1,0,0,0,0,1,0,0,0
291,21.0,0,0,1,0,1,1,2,0,0,1,0,0,3,1,2,1,1,1,0,1,0,1,0,1,0,0,1,0
292,24.0,0,0,0,1,1,0,1,1,1,0,0,1,2,0,2,0,1,1,0,0,0,2,1,0,0,0,2,1
293,25.0,0,1,1,1,1,1,1,1,1,0,0,1,3,2,0,2,0,1,1,0,0,0,1,0,1,1,0,0
294,22.0,1,0,1,1,1,0,0,1,1,1,0,1,3,0,2,1,0,1,1,2,0,2,1,0,1,0,2,1
295,21.0,1,0,0,1,1,0,0,0,1,0,1,2,4,0,0,2,1,1,1,2,1,0,1,0,1,0,1,0
296,24.0,1,0,0,1,1,0,0,2,1,0,0,1,2,0,2,0,0,1,0,1,0,2,1,0,0,0,2,1
297,20.0,0,0,0,1,1,1,1,2,1,0,0,1,3,0,2,1,0,0,1,1,0,0,0,0,0,0,1,0
298,27.0,1,1,0,1,0,1,2,0,1,0,1,1,4,2,1,0,0,1,1,2,1,0,0,1,0,0,2,0
299,21.0,1,1,1,1,0,1,0,1,1,1,0,1,1,2,0,0,1,1,0,1,0,2,1,0,0,1,0,1
300,25.0,0,1,1,1,0,1,0,1,0,0,0,0,2,2,0,0,1,1,1,2,1,1,1,0,0,0,0,0
301,19.0,1,1,0,0,1,1,1,2,1,1,0,2,2,1,1,0,0,0,0,2,0,1,0,1,1,0,1,1
302,25.0,1,1,1,1,1,1,2,2,1,0,0,2,0,0,1,2,0,0,1,0,1,0,0,1,0,0,2,0
303,22.0,0,1,0,1,0,0,0,0,0,0,1,1,1,2,2,0,1,0,0,0,0,0,0,0,1,0,0,0
304,21.0,1,1,1,1,0,1,1,0,1,1,0,1,4,1,2,1,0,1,0,2,1,0,0,0,0,1,1,0
305,21.0,0,1,0,1,0,1,2,2,1,1,1,1,4,1,0,2,1,0,1,0,0,0,0,0,0,0,1,1
306,26.0,0,0,0,1,1,1,1,0,1,1,0,0,1,0,1,1,0,1,1,1,0,1,0,0,0,1,1,1
307,18.0,0,1,0,0,1,1,0,1,1,1,0,2,0,0,2,2,1,1,1,1,0,0,1,0,0,1,1,1
308,24.0,1,1,0,0,0,1,1,2,1,1,1,0,4,1,1,0,1,1,1,1,1,2,0,1,1,1,2,1
309,21.0,0,1,0,0,0,1,1,2,1,0,0,0,0,0,0,1,0,0,1,2,0,1,0,1,0,0,1,0
310,27.0,0,1,0,1,1,1,1,2,0,1,0,1,3,2,2,2,0,1,0,0,1,2,1,1,1,0,1,0
311,20.0,1,0,0,1,0,1,1,2,1,1,0,0,4,1,1,2,0,1,1,2,0,2,0,0,0,1,0,1
312,18.0,1,1,1,1,1,1,1,1,1,0,0,1,3,2,1,0,1,0,1,0,0,0,0,1,0,1,2,1
313,19.0,1,1,1,0,1,0,2,2,0,0,0,1,1,1,0,1,0,1,1,0,0,2,1,0,1,1,2,0
314,24.0,1,0,1,1,1,0,2,0,0,0,0,1,0,0,0,0,1,0,1,2,0,1,1,1,1,1,1,0
315,22.0,0,1,0,0,1,0,1,2,0,1,1,2,4,1,0,1,1,0,1,2,1,0,0,0,1,0,0,1
316,22.0,1,1,1,1,1,1,0,1,1,1,1,2,2,2,2,1,1,0,0,1,1,0,1,0,1,0,0,0
317,23.0,0,1,0,1,0,1,0,0,1,0,1,2,0,2,1,1,1,1,0,0,1,0,1,1,1,1,1,0
318,18.0,1,1,0,1,0,1,2,2,1,1,0,1,3,0,1,2,0,1,0,2,1,0,1,0,1,0,1,0
319,23.0,0,0,0,1,1,0,0,2,1,1,0,2,4,2,0,0,0,0,1,0,1,0,1,1,0,0,1,1
320,22.0,0,1,1,1,1,1,1,0,0,1,1,1,4,0,1,0,0,1,0,1,0,0,1,0,1,1,2,0
321,27.0,1,0,1,0,1,1,1,0,1,1,0,1,0,1,1,0,0,0,1,2,1,1,1,1,1,0,0,0
322,19.0,0,0,1,0,0,1,2,1,1,1,1,2,0,2,0,2,1,1,0,1,1,2,0,0,0,1,1,1
323,26.0,1,0,0,1,0,1,1,2,1,1,0,2,1,1,1,1,1,1,1,0,0,2,1,1,1,0,2,0
324,27.0,1,1,1,0,0,0,1,2,1,0,0,1,2,1,2,2,0,1,1,2,0,2,0,0,1,0,0,1
325,24.0,1,1,1,1,0,1,0,0,1,1,0,2,0,1,2,1,0,0,0,1,1,1,0,1,1,1,0,0
326,19.0,0,1,0,0,1,0,2,2,1,0,0,0,2,2,0,0,1,1,1,0,1,2,1,1,0,0,2,1
327,27.0,0,0,0,0,0,1,2,0,1,1,1,1,2,0,1,2,0,0,0,2,1,1,1,1,1,1,2,0
328,26.0,1,1,0,0,0,0,1,1,0,1,1,1,3,2,2,1,1,1,0,0,1,1,0,0,1,0,1,0
329,19.0,1,1,0,1,1,1,0,0,0,0,0,1,1,1,0,0,1,1,1,1,1,1,0,1,1,1,1,0
330,18.0,0,1,0,0,0,1,2,2,1,0,1,2,2,0,1,0,0,0,0,0,0,2,1,1,1,0,2,1
331,22.0,0,1,0,0,1,0,2,1,1,1,1,1,3,2,0,2,1,0,1,0,1,0,0,1,0,0,2,1
332,21.0,0,1,1,1,1,0,0,1,1,0,1,1,2,2,1,1,0,0,1,1,1,1,1,1,1,0,2,1
333,24.0,1,0,1,0,1,1,1,2,1,0,0,1,2,0,1,0,1,0,0,0,0,2,1,0,0,0,0,1
334,25.0,0,0,1,1,0,0,1,0,1,1,1,2,4,1,2,0,0,0,1,1,1,0,0,1,1,1,0,1
335,27.0,1,0,1,1,0,1,0,0,1,0,0,1,1,2,0,1,0,1,1,1,1,0,0,0,0,1,2,0
336,25.0,0,0,1,1,1,1,0,2,1,0,1,2,1,2,1,2,1,0,1,1,0,1,1,0,0,1,1,0
337,22.0,1,1,1,0,0,1,1,2,1,1,0,2,4,2,2,1,0,1,1,1,1,1,0,0,0,1,2,0
338,23.0,1,0,0,1,1,1,0,2,1,0,1,1,1,0,1,1,0,1,0,2,0,2,0,0,0,1,2,0
339,19.0,0,1,1,1,1,1,2,1,1,1,1,2,1,2,1,1,1,0,1,2,1,1,0,1,1,1,2,0
340,27.0,1,1,1,1,1,1,1,1,0,0,0,2,1,1,1,1,0,1,1,1,0,2,1,1,1,0,2,0
341,19.0,0,1,1,1,1,1,1,0,1,1,0,1,3,1,1,1,1,1,1,0,1,1,1,1,1,1,1,0
342,18.0,0,0,1,1,1,1,1,2,0,1,0,2,1,2,2,1,0,0,1,2,1,2,1,1,0,1,2,0
343,27.0,1,0,1,1,1,1,1,2,0,1,0,2,1,1,1,0,0,0,1,1,0,0,1,0,1,0,0,1
344,22.0,1,1,1,0,0,1,1,0,1,0,1,2,4,2,1,2,0,1,1,0,1,1,1,1,1,0,2,1
345,19.0,1,1,1,1,1,0,1,2,1,1,0,2,3,2,2,2,0,1,1,1,0,2,1,0,1,1,0,1
346,24.0,1,1,0,1,0,0,1,1,1,1,1,1,1,1,0,1,1,0,1,0,1,2,0,1,1,1,0,1
347,25.0,0,1,1,1,1,0,1,1,1,0,0,2,0,0,0,1,0,0,1,2,0,0,0,1,0,0,0,0
348,21.0,0,1,1,1,1,1,2,1,1,1,0,0,4,1,0,2,1,1,0,2,1,2,1,1,1,0,1,1
349,20.0,0,1,0,1,0,1,2,0,1,0,1,0,1,2,2,0,1,1,1,1,0,0,0,1,0,0,2,0
350,21.0,1,0,1,1,1,0,1,0,0,1,0,2,1,2,2,1,0,1,1,2,1,1,1,0,1,1,0,0
351,22.0,1,0,0,1,0,1,0,1,1,0,0,2,0,1,1,0,0,0,1,0,1,2,1,0,1,0,1,1
352,25.0,0,1,0,0,1,1,1,2,0,1,0,2,1,2,1,1,0,1,0,0,1,2,0,0,0,0,0,1
353,19.0,1,0,1,1,0,0,1,1,0,0,1,2,4,0,1,0,0,1,0,0,0,0,1,0,1,1,1,0
354,23.0,0,0,0,1,0,1,1,0,1,1,0,1,4,0,1,2,1,0,0,2,1,0,0,1,0,1,1,0
355,27.0,0,0,0,0,0,0,0,2,0,0,0,0,3,1,1,2,1,1,0,0,1,2,0,0,1,0,0,1
356,18.0,0,0,0,0,0,1,0,0,0,1,1,0,4,1,2,0,1,0,1,0,1,2,0,1,0,0,1,0
357,26.0,1,1,0,1,1,0,2,0,1,1,0,1,0,2,1,0,0,0,0,2,0,0,1,0,0,0,1,0
358,23.0,1,0,1,1,0,1,1,2,1,0,0,1,4,0,2,2,1,1,0,2,1,0,0,1,1,0,2,0
359,27.0,1,1,1,1,1,0,2,0,1,1,0,2,1,0,1,2,1,1,0,2,1,1,0,1,0,1,0,1
360,21.0,1,1,1,1,1,0,0,1,1,1,0,2,4,1,0,0,1,1,1,0,1,1,1,1,1,0,2,0
361,21.0,1,0,1,0,0,1,1,0,0,0,0,1,0,1,1,0,1,0,1,0,0,2,0,1,0,1,1,1
362,27.0,1,0,1,0,1,1,0,0,0,1,0,0,2,1,1,2,0,0,1,2,1,0,0,0,1,1,2,0
363,18.0,0,1,1,1,1,1,2,1,0,1,1,2,1,2,2,0,0,1,0,1,0,2,1,1,1,1,2,1
364,20.0,0,0,0,0,1,1,1,2,1,1,1,2,0,0,1,0,0,0,1,0,1,1,1,1,1,1,1,0
365,23.0,0,0,0,0,0,1,0,2,0,1,0,2,3,2,0,0,0,0,1,2,0,2,0,0,0,0,0,0
366,26.0,1,1,0,0,1,0,1,0,1,1,0,2,3,0,2,1,1,1,0,2,1,1,0,1,1,0,2,1
367,22.0,0,0,1,0,1,1,2,2,1,0,0,2,1,0,0,1,1,1,0,1,0,0,1,1,1,0,2,1
368,21.0,1,0,1,0,1,1,1,2,1,0,0,2,4,0,2,1,0,1,1,2,0,1,1,1,0,1,1,1
369,20.0,1,1,1,0,0,1,1,2,0,1,0,1,1,1,0,0,1,1,0,1,0,2,1,0,0,0,2,0
370,27.0,1,1,1,0,0,1,1,2,0,0,0,2,0,2,0,1,0,0,1,1,1,1,1,0,0,0,0,0
371,26.0,0,0,0,1,1,1,1,0,0,1,0,1,3,1,2,1,1,0,1,2,0,2,1,0,1,0,2,0
372,26.0,0,1,0,1,0,0,1,2,1,1,0,2,4,1,1,0,1,1,1,2,0,0,0,0,1,1,0,0
373,27.0,0,1,1,1,0,1,0,0,1,1,0,2,0,0,2,2,1,0,0,0,1,1,0,1,1,1,2,1
374,20.0,0,1,0,0,1,1,0,2,1,1,0,0,0,1,2,1,0,0,0,1,1,1,1,0,1,0,2,1
375,18.0,0,1,0,1,0,1,1,1,1,1,0,2,4,0,0,0,0,1,1,1,1,1,1,0,1,1,1,0
376,22.0,0,1,0,1,0,1,2,0,1,0,1,2,1,2,0,0,1,1,0,1,0,1,0,0,1,0,0,0
377,21.0,0,1,0,1,1,1,0,1,0,1,1,2,2,0,1,2,1,1,1,0,1,1,0,0,1,1,1,0
378,26.0,0,1,0,1,1,1,1,0,1,1,1,2,4,2,2,2,1,0,0,0,1,1,0,0,1,0,2,1
379,20.0,0,0,1,0,1,1,1,2,0,0,1,1,0,1,2,2,1,0,1,0,1,0,0,1,1,0,2,0
380,23.0,1,1,1,1,1,1,1,0,1,0,0,0,0,1,0,0,0,1,1,2,0,1,0,0,0,1,0,1
381,18.0,1,0,0,1,1,1,1,2,0,0,0,2,2,1,1,2,1,0,1,0,1,2,0,0,1,0,1,1
382,18.0,1,1,1,1,0,0,1,1,0,1,0,2,1,0,0,1,0,0,1,1,0,0,1,0,0,0,1,0
383,26.0,1,1,1,1,1,0,2,0,1,1,0,1,3,2,1,2,0,1,1,0,1,2,0,0,0,1,2,0
384,24.0,1,1,0,1,1,1,1,1,1,1,1,1,1,2,1,2,0,1,1,1,0,1,0,1,0,1,2,1
385,19.0,0,1,1,1,0,0,2,1,1,1,0,0,2,1,1,0,1,0,0,1,1,2,1,0,0,0,2,0
386,20.0,1,1,1,0,1,1,2,1,1,1,0,2,4,1,2,0,1,0,0,2,0,2,1,1,0,0,2,0
387,26.0,1,1,1,1,1,1,0,0,0,0,0,2,2,0,2,0,1,0,0,1,0,0,1,0,0,0,1,0
388,27.0,0,1,0,1,1,1,1,1,1,0,1,2,2,0,2,1,1,0,1,2,1,1,0,1,1,1,0,1
389,24.0,1,1,1,0,0,1,0,1,1,1,0,2,3,1,2,0,1,0,1,0,0,2,1,1,1,1,0,1
390,27.0,1,1,1,1,0,1,1,1,0,0,0,1,1,1,2,0,0,0,1,2,1,1,0,0,0,1,1,1
391,21.0,0,0,0,1,1,1,1,1,0,1,0,1,3,0,1,0,1,0,0,1,0,2,0,1,0,1,1,0
392,25.0,0,1,0,0,1,0,1,1,1,1,1,0,3,1,0,1,1,0,0,0,1,2,0,0,0,1,1,0
393,23.0,1,1,0,1,0,0,1,1,1,0,0,0,3,0,1,0,0,1,1,2,0,1,1,1,0,1,2,1
394,21.0,0,1,1,1,1,1,0,1,1,1,0,1,3,1,1,1,1,1,1,0,0,1,1,1,0,1,1,0
395,18.0,0,1,0,1,0,1,0,1,1,1,0,2,3,0,0,1,1,0,0,1,0,2,0,1,0,0,0,1
396,19.0,1,1,1,0,1,1,1,1,0,1,0,2,3,0,2,1,0,1,1,2,1,2,1,1,0,0,1,1
397,27.0,1,0,1,1,1,1,1,2,0,1,1,0,4,1,0,2,1,1,1,1,1,2,1,0,1,1,1,0
398,23.0,1,1,1,1,0,0,1,0,1,0,0,2,1,2,0,0,1,1,1,0,0,1,1,0,1,1,2,1
399,23.0,1,0,1,1,1,0,1,2,1,1,1,2,2,0,1,2,0,0,1,2,1,1,0,0,1,1,1,0
400,22.0,0,1,1,1,1,1,1,2,1,1,0,0,4,1,2,0,1,0,1,1,1,0,0,0,0,0,1,1
401,24.0,1,0,1,0,0,1,0,2,1,1,0,2,4,1,2,2,1,0,1,0,1,2,0,1,0,0,1,1
402,23.0,0,1,1,1,0,1,1,1,1,1,0,0,1,0,0,2,0,1,0,2,1,2,1,1,1,1,1,1
403,25.0,0,0,1,1,1,0,2,2,1,1,1,1,4,0,1,1,1,1,1,1,0,0,0,1,1,0,1,1
404,27.0,1,1,1,1,0,0,2,1,1,1,0,1,0,0,2,1,1,0,1,0,1,0,0,1,1,1,0,0
405,27.0,1,1,0,0,1,1,0,0,0,0,0,1,3,1,2,2,0,1,1,1,1,0,0,1,1,1,2,1
406,26.0,1,0,1,1,0,1,1,2,0,1,0,0,2,2,2,1,0,0,1,2,1,0,1,0,0,1,1,1
407,25.0,1,1,0,1,1,1,1,2,1,1,0,2,0,0,1,0,1,0,0,1,0,0,0,0,1,0,0,0
408,22.0,0,1,0,1,1,1,1,2,1,1,0,0,2,1,0,2,1,0,0,1,1,0,1,0,1,1,1,1
409,19.0,1,1,1,1,1,0,1,2,1,1,0,1,4,0,2,1,0,0,0,0,1,1,1,0,1,0,2,0
410,25.0,0,0,1,1,1,0,1,1,0,1,1,0,2,0,2,1,0,0,0,2,1,0,0,1,1,0,1,1
411,26.0,1,1,1,1,0,1,1,1,0,1,0,1,1,1,2,1,1,0,1,0,1,2,1,1,1,1,1,1
412,20.0,0,0,0,0,1,1,0,2,0,1,0,1,3,0,1,1,1,0,1,2,0,1,0,0,0,1,0,1
413,21.0,1,1,0,1,0,1,1,2,1,1,0,1,3,0,1,0,0,1,1,2,0,0,1,1,1,0,1,0
414,20.0,0,0,0,0,0,1,0,2,1,1,1,2,1,0,2,0,1,1,1,1,1,0,1,1,0,1,1,1
415,20.0,0,1,1,0,0,0,0,0,1,1,0,0,0,1,2,0,0,1,1,0,1,2,1,0,1,1,2,0
416,21.0,0,0,1,0,0,0,0,0,0,1,1,2,2,2,2,2,1,1,1,2,0,2,1,0,1,1,1,0
417,26.0,0,1,0,1,0,1,1,2,0,1,1,2,1,0,1,1,1,1,1,0,1,1,0,1,1,0,2,0
418,24.0,1,1,1,1,0,1,2,2,1,1,1,1,0,2,2,0,0,0,0,0,0,0,1,1,0,1,0,1
419,20.0,1,0,1,1,1,1,0,2,0,1,0,0,1,0,2,1,1,1,1,2,0,1,0,1,0,0,2,0
420,22.0,1,1,0,1,1,1,0,2,1,1,0,2,3,0,1,2,0,1,1,0,1,1,1,0,0,0,2,0
421,23.0,1,1,0,1,1,1,1,2,1,0,0,0,3,1,1,2,1,1,1,1,0,0,1,0,1,0,1,0
422,26.0,1,1,1,1,1,1,0,0,1,1,0,2,2,2,0,1,0,0,1,2,0,2,0,0,0,0,0,1
423,19.0,1,1,1,1,1,1,2,0,1,1,0,2,3,0,2,2,1,1,1,2,0,2,0,0,1,0,2,0
424,22.0,1,1,1,1,1,1,0,2,1,1,1,1,4,2,2,0,1,0,0,1,1,1,1,1,1,1,2,0
425,21.0,1,1,0,1,1,0,2,2,1,0,0,0,1,2,0,2,1,1,0,2,1,0,1,1,0,1,2,1
426,19.0,1,0,0,0,0,1,1,0,1,1,1,1,1,0,1,2,0,0,0,2,0,1,0,1,0,1,2,0
427,19.0,1,1,0,0,0,1,0,2,1,1,1,0,2,1,2,1,0,1,0,2,0,2,1,0,1,1,2,1
428,22.0,1,0,0,0,1,0,1,1,1,1,0,0,1,2,2,0,0,1,0,0,0,0,1,1,0,0,0,1
429,20.0,1,1,0,1,1,0,1,0,0,1,1,2,4,2,2,1,0,0,1,2,1,0,1,1,0,1,2,1
430,23.0,0,1,0,0,1,1,0,1,1,1,0,0,1,2,0,1,1,0,0,1,0,0,0,0,1,0,1,0
431,24.0,1,1,1,0,0,1,0,0,1,1,1,0,2,2,1,0,0,1,1,2,1,1,1,1,1,0,0,1
432,22.0,1,0,1,0,0,1,0,0,1,1,1,1,1,1,0,2,0,1,1,0,0,2,0,0,0,0,1,1
433,20.0,1,1,0,1,0,1,0,1,1,0,1,1,0,0,1,2,0,1,1,0,1,1,0,1,1,0,2,0
434,23.0,0,1,1,1,0,1,0,1,1,0,1,1,2,0,0,2,0,0,0,1,0,1,0,1,1,1,1,1
435,20.0,1,1,1,0,0,1,2,0,1,1,0,2,4,2,2,2,0,1,1,2,1,0,1,1,1,0,2,0
436,18.0,0,1,1,0,1,0,1,1,0,1,0,2,3,0,1,1,1,0,1,0,1,1,1,1,1,0,0,0
437,24.0,1,1,0,0,1,0,0,0,1,1,1,1,3,2,2,1,1,1,0,0,0,1,1,1,1,0,1,0
438,18.0,1,0,0,1,1,1,0,2,0,0,1,0,0,2,1,2,1,0,1,0,0,1,1,1,0,1,2,0
439,20.0,0,0,1,1,1,1,0,0,1,1,0,1,1,1,0,2,1,0,0,2,1,0,1,0,1,0,0,0
440,19.0,0,1,1,0,1,0,1,2,1,0,0,2,1,0,2,2,1,0,1,2,0,0,1,0,0,1,1,0
441,23.0,1,1,1,1,0,1,2,0,1,1,1,2,3,1,2,1,1,0,1,2,1,1,1,0,1,1,0,1
442,26.0,0,1,1,1,0,0,2,2,1,1,0,0,1,0,1,1,0,0,1,1,0,0,0,1,1,1,0,1
443,24.0,1,1,1,0,0,1,0,2,1,1,0,1,0,1,1,0,1,0,0,1,1,0,0,0,1,0,1,0
444,18.0,1,1,1,1,1,0,0,2,1,0,0,2,0,0,2,1,0,1,1,2,0,0,1,0,0,1,2,1
445,22.0,1,1,1,0,1,0,0,1,1,0,0,2,2,2,2,0,1,1,0,0,1,1,0,0,1,0,1,1
446,25.0,0,0,0,1,0,0,2,0,1,1,0,1,1,2,0,1,1,0,0,0,0,1,0,0,1,1,0,0
447,21.0,1,1,1,0,1,1,1,2,0,1,1,1,0,1,2,2,1,0,0,2,1,0,0,1,0,0,2,0
448,24.0,1,1,1,0,0,1,1,0,1,0,1,2,4,0,1,0,0,0,1,2,1,2,1,0,0,1,0,0
449,25.0,1,1,0,1,1,0,1,2,1,1,1,1,3,1,1,1,0,1,0,0,1,2,1,0,1,0,1,0
450,18.0,1,0,0,0,1,0,1,1,1,1,0,0,2,0,1,1,1,1,1,0,0,2,1,0,0,0,0,0
451,27.0,0,1,0,1,1,1,0,2,1,1,0,1,1,1,2,0,0,1,0,1,1,1,0,1,1,1,2,1
452,27.0,1,0,1,0,1,1,2,1,1,0,0,0,4,2,2,1,1,1,1,1,0,2,0,1,0,0,1,1
453,24.0,1,1,1,1,1,0,2,1,1,1,0,1,0,0,0,2,0,1,0,2,0,1,0,1,0,0,0,1
454,22.0,1,1,1,1,0,1,2,2,0,0,0,0,2,2,0,2,0,0,1,0,1,0,1,0,0,0,1,0
455,27.0,0,1,0,1,1,1,0,0,1,0,0,2,4,2,2,0,0,1,1,2,0,1,0,0,1,0,2,1
456,21.0,0,0,1,1,0,0,0,1,0,0,1,1,2,1,1,2,0,0,0,2,1,0,1,0,1,1,0,0
457,27.0,0,1,1,1,0,0,1,2,0,1,1,0,2,2,0,2,0,1,1,2,0,0,1,0,1,1,2,0
458,25.0,0,1,0,0,1,1,0,1,1,0,0,2,4,1,1,2,1,1,1,1,0,2,1,1,1,0,2,0
459,22.0,0,1,0,1,1,0,1,1,1,1,0,2,1,1,2,1,0,0,0,2,1,1,1,1,1,0,0,0
460,20.0,0,1,0,1,1,0,0,0,0,1,1,1,2,0,1,0,1,0,1,2,1,0,0,0,1,1,1,1
461,25.0,0,0,1,1,1,1,1,0,1,1,1,0,0,1,2,0,0,0,0,2,1,2,0,0,1,0,0,1
462,24.0,1,1,0,1,1,0,1,2,1,1,0,2,2,2,0,0,1,1,1,1,0,2,1,1,0,1,0,1
463,24.0,1,1,1,1,1,0,1,1,1,0,1,2,4,1,1,2,0,0,0,0,1,2,1,0,1,0,0,1
464,22.0,1,1,1,0,1,1,1,0,0,1,0,2,2,1,1,1,0,1,0,0,1,0,0,1,0,0,0,0
465,22.0,1,0,0,1,1,0,2,1,1,0,1,2,1,2,0,1,0,1,1,1,1,0,1,1,1,0,2,0
466,21.0,0,0,1,1,1,0,1,1,1,1,0,2,2,2,1,0,0,0,0,0,1,1,0,1,1,0,1,0
467,19.0,1,1,0,1,0,1,0,1,1,1,0,2,4,1,2,2,0,0,0,2,1,0,1,0,1,1,0,1
468,21.0,1,1,1,1,0,1,2,2,1,0,1,2,4,2,2,2,1,0,1,1,0,1,0,1,1,0,1,1
469,27.0,1,1,1,1,0,1,0,0,0,1,0,0,2,1,0,1,1,1,1,0,1,2,0,1,0,1,1,0
470,19.0,0,1,0,1,1,0,1,2,0,1,1,1,4,1,1,2,0,0,1,0,1,1,0,0,1,0,0,0
471,23.0,0,1,0,1,1,0,1,1,1,0,0,1,4,1,2,0,0,0,0,1,0,0,1,1,0,0,0,0
472,21.0,1,1,0,1,0,1,0,2,0,1,0,2,4,2,0,2,1,1,1,1,0,0,0,1,0,1,2,1
473,26.0,0,1,0,1,0,1,0,0,0,1,1,0,2,1,1,0,1,1,0,0,1,1,0,1,0,0,2,0
474,19.0,0,1,1,1,1,0,0,2,1,1,0,2,2,0,1,0,0,0,1,2,1,2,0,1,1,1,2,0
475,22.0,0,0,1,1,1,0,2,0,1,1,1,2,4,0,1,1,0,1,1,0,0,1,0,0,1,1,0,0
476,22.0,0,0,1,1,1,1,1,1,1,0,1,2,4,2,1,2,0,1,1,0,1,2,0,0,0,0,1,1
477,18.0,1,1,0,0,0,1,0,1,1,1,0,1,0,0,1,2,1,0,1,1,1,1,1,0,0,0,0,1
478,20.0,1,1,0,1,1,0,0,2,1,0,0,2,3,0,2,1,0,1,1,0,0,2,1,0,0,1,0,0
479,27.0,0,1,1,0,0,1,1,0,1,0,0,0,1,0,0,0,1,1,1,1,1,0,0,1,1,1,1,1
480,25.0,1,1,1,1,1,1,1,1,1,1,1,0,0,0,0,0,0,0,0,0,1,2,1,1,1,1,0,0
481,19.0,1,1,0,0,1,1,2,0,0,1,1,1,0,1,2,2,1,0,0,2,0,0,1,0,1,0,1,1
482,26.0,0,1,1,1,1,1,0,2,1,0,0,0,2,1,1,2,1,1,0,2,1,0,0,1,1,0,2,1
483,19.0,1,1,1,1,1,1,1,2,1,1,0,0,1,0,0,0,1,1,1,0,0,0,0,1,1,1,1,0
484,27.0,0,1,1,1,0,0,1,2,1,1,0,1,0,0,1,0,0,1,0,2,0,0,0,0,1,0,2,1
485,19.0,1,1,0,1,1,1,2,2,1,1,1,0,1,2,2,0,0,0,0,0,1,0,0,0,1,0,1,0
486,23.0,0,1,0,1,1,0,0,2,1,1,1,1,4,2,0,1,1,0,0,0,1,0,0,1,1,0,1,0
487,25.0,0,1,0,1,1,0,0,0,1,0,1,0,0,2,0,2,0,1,0,1,1,0,0,0,1,0,1,1
488,19.0,1,1,1,1,1,1,0,2,1,0,0,1,4,0,0,1,1,0,0,1,1,0,1,0,1,1,1,0
489,18.0,0,0,0,0,1,1,1,1,1,0,0,1,1,1,1,0,0,0,0,0,0,1,1,0,1,0,0,1
490,26.0,0,1,1,0,0,1,0,0,0,1,1,2,1,2,1,0,1,0,0,2,0,0,0,0,1,1,1,0
491,22.0,1,1,1,1,1,1,1,1,0,0,0,1,3,2,2,0,1,1,0,2,1,2,1,1,0,0,2,0
492,26.0,1,0,1,1,1,1,0,1,1,1,0,1,2,0,2,0,0,1,0,0,0,1,0,0,0,0,1,1
493,26.0,0,1,1,1,1,0,1,1,1,0,1,2,1,2,2,0,1,0,0,0,1,0,0,1,1,1,1,0
494,18.0,0,0,1,1,1,1,0,0,0,0,0,1,1,0,1,1,0,1,1,1,1,1,0,0,1,1,2,0
495,18.0,1,0,0,1,1,0,0,2,1,1,0,2,1,0,1,2,1,1,1,2,1,1,1,0,0,0,0,0
496,27.0,1,1,0,1,1,0,1,2,1,0,0,2,4,1,0,1,1,1,1,0,1,2,1,0,0,0,0,1
497,27.0,1,0,1,1,1,0,0,0,1,0,0,2,2,0,0,2,1,0,1,2,1,0,1,1,1,1,1,0
498,23.0,1,1,1,0,1,0,1,1,1,0,1,1,2,1,2,1,1,0,1,2,0,2,1,1,0,0,2,0
499,23.0,1,0,0,1,1,0,1,1,1,0,0,1,2,0,2,0,1,1,1,0,0,2,1,1,0,1,0,0
500,26.0,0,1,1,1,1,1,1,2,1,0,0,1,4,0,1,2,1,1,1,2,0,2,1,0,1,0,1,1
501,20.0,0,1,1,0,0,1,1,2,1,1,1,2,1,2,2,2,1,0,1,2,1,2,0,1,0,0,2,1
502,23.0,0,0,1,1,1,1,0,0,0,1,0,1,1,0,1,0,1,1,0,1,1,1,1,0,1,0,0,1
503,20.0,1,1,1,1,1,1,1,0,0,0,0,1,2,2,0,0,0,0,0,2,0,2,0,1,1,0,1,0
504,20.0,1,1,1,1,1,1,1,2,0,0,0,2,0,0,1,1,1,1,1,2,0,1,1,1,0,0,0,0
505,24.0,1,1,1,1,1,1,0,0,1,1,0,0,3,0,1,2,1,0,1,2,0,2,0,1,1,1,1,1
506,22.0,1,1,0,1,1,1,2,1,1,0,1,0,0,1,2,2,1,0,0,2,1,1,1,1,1,1,1,1
507,27.0,0,1,0,0,0,1,0,2,1,1,0,2,0,2,2,0,1,0,1,0,1,1,1,1,1,1,1,1
508,23.0,0,0,0,1,1,0,1,2,1,0,0,2,3,0,2,1,1,1,0,1,0,0,1,0,0,0,1,0
509,22.0,0,1,1,1,1,1,2,2,0,1,1,2,3,1,2,1,1,0,1,1,1,2,1,1,1,1,0,1
510,19.0,0,1,1,1,1,1,0,2,0,0,0,2,0,0,1,1,0,1,1,1,1,0,1,1,0,0,0,1
511,22.0,1,0,1,1,1,1,0,1,1,0,0,2,0,0,1,0,1,1,1,2,1,2,1,0,0,1,0,0
512,24.0,0,1,1,0,0,1,2,2,1,1,1,1,0,0,1,1,1,1,1,0,1,2,0,1,1,1,2,1
513,18.0,1,1,1,1,0,1,1,0,1,1,1,0,0,0,2,1,0,0,1,1,1,0,1,1,1,1,2,0
514,19.0,1,1,0,0,1,0,0,2,1,0,0,2,1,2,0,0,1,0,0,1,0,1,1,0,1,0,2,0
515,22.0,0,1,1,1,0,1,0,1,1,1,0,1,2,1,0,2,1,1,1,2,0,2,0,1,0,1,0,1
516,20.0,1,1,1,0,1,0,0,0,1,1,0,2,0,0,1,2,1,0,0,0,0,1,1,1,1,1,0,0
517,19.0,1,0,1,0,1,1,0,2,1,1,1,1,1,1,2,1,0,1,1,0,1,0,1,1,1,1,0,1
518,26.0,0,1,0,1,1,1,1,2,1,0,1,2,3,0,0,0,1,0,0,0,1,0,1,1,0,0,2,1
519,24.0,1,0,1,0,1,1,1,0,1,1,1,2,3,1,0,2,0,0,1,2,1,1,1,1,0,1,2,0
520,24.0,1,1,0,1,0,0,2,0,1,0,0,1,3,2,2,2,1,1,1,2,0,1,0,1,0,0,2,0
521,22.0,1,1,1,1,1,1,0,1,0,1,0,2,2,1,0,1,0,0,1,2,1,0,0,1,1,1,0,0
522,19.0,0,1,0,1,1,0,0,2,1,0,0,1,0,1,1,2,1,1,1,0,1,0,0,0,1,1,1,1
523,22.0,1,1,1,1,1,1,1,2,1,1,1,1,0,2,1,2,1,1,0,0,1,1,1,1,1,0,2,0
524,20.0,1,1,1,1,1,1,0,0,1,1,1,0,3,0,0,2,0,0,1,2,1,1,1,0,0,1,2,1
525,23.0,1,1,1,0,1,0,1,2,1,1,0,2,3,0,1,2,0,1,1,1,0,2,1,0,0,0,2,1
526,23.0,1,1,0,1,1,1,1,0,1,1,1,2,0,2,0,0,1,0,1,2,1,1,0,0,0,0,2,1
527,19.0,0,1,0,1,0,1,1,1,1,1,1,1,3,2,1,0,1,0,1,1,1,0,1,0,1,1,1,1
528,19.0,0,1,0,1,1,1,1,0,1,1,1,1,1,1,0,2,1,0,1,2,0,2,1,0,0,0,1,1
529,25.0,1,1,1,0,1,0,1,2,1,0,1,1,0,0,1,1,0,1,0,1,0,1,0,1,1,1,1,0
530,20.0,1,1,1,1,1,1,0,1,1,1,1,0,4,0,1,2,0,0,1,2,0,0,0,0,0,0,0,1
531,25.0,0,1,0,1,0,0,1,1,1,0,0,2,2,0,0,0,1,0,0,0,0,1,0,1,0,1,0,0
532,18.0,0,1,0,1,1,1,1,2,1,0,1,0,1,0,2,0,1,0,0,0,0,0,0,1,0,0,0,1
533,25.0,0,1,0,1,1,1,1,0,0,1,1,0,0,2,0,1,1,1,0,1,0,1,0,0,1,0,1,1
534,19.0,0,1,0,0,1,1,1,0,0,1,0,0,3,2,1,1,1,1,1,0,1,2,0,0,1,0,0,0
535,24.0,1,0,0,1,1,1,2,2,1,1,0,0,2,2,2,0,1,0,0,0,0,2,0,0,0,1,1,0
536,22.0,0,1,0,0,1,0,0,2,0,1,0,0,1,1,1,2,0,0,0,0,1,2,0,1,0,1,0,1
537,25.0,1,1,0,1,0,1,1,2,1,0,1,1,4,1,2,1,1,1,1,2,1,2,0,0,1,1,2,1
538,23.0,1,1,1,1,1,1,1,1,1,1,0,1,0,0,1,1,0,0,0,2,1,1,0,1,1,1,2,0
539,24.0,1,0,1,1,1,1,1,1,1,1,1,1,0,1,0,2,1,0,1,0,1,1,0,0,1,0,2,1
540,22.0,0,1,1,0,1,1,1,0,0,0,0,1,1,1,2,0,1,0,0,1,1,2,0,1,1,1,0,0
541,25.0,0,1,0,1,0,0,1,2,1,0,1,0,2,2,0,1,0,0,0,1,1,0,0,1,0,0,1,0
542,24.0,0,1,0,1,1,1,2,2,1,0,1,2,1,0,1,0,1,1,1,2,0,2,0,0,0,1,2,0
543,18.0,0,1,0,1,1,0,0,0,1,1,0,2,4,1,1,2,0,0,1,2,1,1,1,0,1,0,0,1
544,19.0,0,0,1,1,0,0,1,2,1,1,0,0,0,1,1,1,1,1,0,1,0,1,0,0,0,0,1,1
545,23.0,0,1,0,1,1,1,0,1,0,0,0,2,0,1,2,1,1,1,1,2,1,2,1,1,0,1,1,0
546,27.0,0,1,1,0,0,1,1,1,0,1,0,2,1,2,1,1,1,0,0,1,0,2,1,0,1,0,2,0
547,19.0,1,1,1,0,0,1,1,1,1,1,1,1,1,0,0,2,0,0,1,2,0,2,0,0,1,1,1,0
548,25.0,1,1,1,0,0,1,0,0,1,1,0,0,3,2,2,2,1,1,1,0,0,0,0,1,1,0,0,0
549,19.0,0,1,1,0,0,0,0,0,1,0,1,2,0,2,0,0,1,1,0,2,1,2,0,1,1,1,1,0
550,20.0,0,1,1,1,1,1,0,1,1,0,0,1,2,2,2,1,0,1,1,2,0,2,1,0,1,1,0,0
551,24.0,0,1,0,0,0,1,0,2,1,1,0,2,0,0,0,0,0,1,1,0,1,1,1,0,0,1,2,0
552,22.0,1,0,1,1,1,0,0,1,0,1,0,2,1,1,2,2,1,0,1,0,0,1,1,1,0,0,1,1
553,26.0,1,1,1,1,0,1,1,0,1,0,0,1,3,0,1,2,1,0,0,2,1,2,1,0,1,0,0,1
554,19.0,1,1,0,1,1,0,2,2,0,0,1,2,1,0,2,0,0,1,0,1,1,2,1,0,1,0,2,1
555,25.0,0,1,0,0,1,0,1,0,1,1,0,1,0,0,1,1,0,0,1,0,0,2,0,0,1,1,0,0
556,26.0,0,1,0,1,0,1,0,0,0,1,0,1,4,2,2,1,0,0,0,0,1,1,1,0,0,0,0,0
557,20.0,0,0,0,1,0,1,2,2,1,0,0,0,0,0,0,2,0,0,1,1,1,0,1,0,1,1,1,0
558,26.0,1,1,0,0,0,1,2,0,0,0,0,2,0,1,1,1,0,0,1,0,1,0,1,1,1,1,0,1
559,26.0,1,1,0,0,1,1,1,1,1,1,0,1,1,2,2,2,1,0,1,0,1,1,1,1,0,0,2,0
560,22.0,1,1,1,0,0,1,0,0,1,0,0,1,1,2,1,0,0,1,0,1,0,1,1,1,1,1,0,1
561,19.0,0,1,1,0,1,0,0,0,1,1,1,1,0,1,2,2,0,1,0,0,1,0,0,0,1,1,0,1
562,20.0,1,1,0,0,0,1,0,1,1,0,0,1,3,2,2,1,1,1,1,1,0,1,1,0,1,0,1,1
563,24.0,0,1,1,0,1,0,2,2,0,1,1,2,3,2,0,0,0,1,1,1,0,0,0,1,1,0,2,0
564,27.0,1,1,1,1,0,1,1,2,1,1,1,0,1,0,2,1,1,1,1,2,1,0,1,0,0,0,2,1
565,22.0,0,1,1,1,1,1,0,0,0,1,0,2,2,0,2,0,0,1,0,1,0,1,0,0,0,0,1,0
566,26.0,1,1,0,1,1,0,2,2,1,1,0,0,1,1,2,0,1,1,0,2,1,1,1,1,0,0,1,1
567,18.0,0,1,1,1,1,1,2,2,0,1,0,2,2,0,0,0,0,1,1,0,0,0,1,0,1,0,1,1
568,18.0,1,1,0,1,1,1,1,2,0,1,0,1,2,2,2,0,0,0,1,2,0,0,1,1,0,0,2,0
569,26.0,0,0,1,1,1,1,1,2,1,1,0,2,4,2,0,2,0,0,0,0,0,2,1,1,1,0,1,0
570,27.0,0,1,1,1,1,1,0,0,1,1,1,1,3,0,1,0,0,1,1,2,1,2,1,1,1,1,1,0
571,24.0,1,1,1,1,1,1,2,2,1,0,0,2,2,0,1,2,0,0,0,2,1,2,0,0,1,0,1,1
572,24.0,1,1,0,0,1,1,0,0,0,1,1,2,3,0,1,0,1,0,1,2,1,2,1,0,1,1,2,1
573,21.0,0,1,0,1,1,1,1,2,1,1,0,1,2,1,0,0,1,1,1,2,1,0,0,0,0,0,0,0
574,18.0,0,1,1,0,0,1,1,1,1,1,0,2,2,0,1,2,0,0,1,0,0,1,1,1,1,0,2,0
575,24.0,0,0,1,1,1,1,0,0,1,1,0,2,2,0,1,0,0,0,0,0,0,2,0,1,0,1,0,1
576,20.0,1,0,1,0,1,1,0,1,0,0,0,2,4,2,0,1,0,1,0,1,0,0,0,0,1,0,1,1
577,27.0,1,1,0,1,1,0,1,0,1,0,0,0,1,2,0,2,0,1,0,0,0,0,0,0,0,1,2,1
578,20.0,0,1,0,1,1,1,1,2,1,0,1,2,4,1,0,0,1,1,0,0,1,0,0,0,1,0,2,0
579,18.0,1,1,1,1,0,1,0,0,1,0,1,2,4,2,0,2,0,0,0,2,0,2,0,0,0,1,1,0
580,18.0,0,0,1,1,1,1,2,2,1,1,0,0,4,1,0,1,1,1,1,1,0,0,1,1,1,1,1,1
581,21.0,1,1,1,0,0,1,0,1,1,1,0,2,0,0,0,0,0,1,1,1,1,1,0,0,1,0,1,0
582,18.0,1,1,1,1,1,1,2,0,1,1,1,1,4,0,1,2,0,0,0,2,0,0,1,0,1,0,0,1
583,21.0,1,1,0,1,0,1,2,1,1,1,0,1,4,1,2,1,0,1,0,0,0,0,0,0,1,0,0,0
584,27.0,0,0,1,1,1,1,2,1,1,1,0,1,0,2,2,0,1,0,1,0,1,2,1,1,0,1,0,1
585,18.0,1,0,1,1,1,0,1,1,1,0,0,2,4,1,0,1,1,0,1,2,1,0,1,1,0,0,2,1
586,23.0,0,1,0,1,1,0,0,0,1,0,1,2,4,2,2,2,0,0,1,2,0,1,1,0,0,1,0,0
587,23.0,0,1,1,1,1,1,2,1,0,1,0,1,0,0,0,1,1,0,1,2,0,0,0,0,1,1,0,1
588,24.0,0,1,1,1,0,1,0,1,0,1,0,0,4,1,2,2,0,0,0,1,0,2,0,1,1,1,1,0
589,23.0,1,0,1,1,0,0,1,1,1,0,1,2,3,1,1,2,0,1,0,1,0,0,0,1,1,1,0,1
590,25.0,1,0,0,1,1,1,0,1,0,1,1,1,2,0,2,2,1,1,0,2,1,0,1,0,1,0,0,0
591,22.0,1,0,0,0,1,1,1,1,0,1,1,1,4,2,1,2,0,0,1,2,1,2,1,0,0,1,0,1
592,21.0,0,0,1,1,1,1,0,1,1,1,0,2,3,1,0,2,0,0,0,1,0,0,0,1,1,1,2,0
593,18.0,1,1,0,0,0,0,0,1,1,1,0,2,0,0,1,0,0,1,1,1,1,1,1,0,1,0,2,1
594,27.0,0,0,1,0,0,1,1,1,0,0,0,1,4,2,2,2,1,1,0,1,0,1,1,1,0,0,1,1
595,24.0,1,1,0,1,1,0,0,1,1,1,0,2,4,2,2,1,0,1,0,1,1,1,0,0,0,1,0,0
596,20.0,1,1,1,0,1,0,1,2,1,0,0,2,0,1,2,1,0,1,1,2,1,2,0,0,1,1,2,1
597,20.0,1,1,1,0,1,0,2,0,0,1,1,1,2,2,0,0,1,0,0,0,0,1,1,1,1,0,0,1
598,20.0,1,1,0,0,1,0,1,2,1,1,0,1,1,1,2,1,1,1,0,1,0,1,1,0,1,1,1,1
599,25.0,1,1,0,1,0,1,0,2,0,1,1,1,4,2,1,2,1,0,1,2,0,2,0,1,0,0,2,0
600,25.0,1,1,1,1,0,0,1,2,1,1,1,0,0,0,1,2,0,1,0,0,1,1,1,0,1,1,1,0
601,18.0,0,1,1,1,1,1,0,1,0,1,0,1,3,2,2,1,1,0,1,0,0,0,0,0,0,1,1,1
602,19.0,0,1,1,1,1,0,0,2,1,0,0,2,2,1,0,2,0,1,0,1,1,1,1,1,0,0,2,0
603,19.0,1,1,1,1,1,1,0,1,1,0,1,1,2,0,1,1,0,0,1,1,0,1,0,1,0,0,1,1
604,20.0,1,0,1,1,1,1,0,0,1,1,0,2,1,1,0,2,0,1,1,2,0,1,0,1,0,0,2,1
605,21.0,1,1,1,0,0,0,1,2,1,1,0,1,0,1,0,1,0,0,1,0,1,1,1,0,0,1,1,1
606,25.0,0,1,0,0,1,1,1,2,1,1,1,1,2,1,0,1,0,0,1,2,0,2,0,0,1,1,2,0
607,18.0,0,0,0,1,0,0,0,2,1,0,0,0,4,1,2,1,1,0,1,2,1,1,0,1,0,0,0,1
608,26.0,1,1,0,1,1,1,0,2,1,1,0,2,3,0,2,0,1,1,1,1,0,1,1,0,1,0,1,1
609,23.0,1,1,1,0,0,1,0,1,1,1,0,0,4,0,2,1,1,0,1,2,0,1,0,0,1,1,0,0
610,23.0,1,1,1,1,0,1,1,1,0,1,1,2,2,0,1,1,1,0,0,0,0,1,0,0,1,1,2,1
611,27.0,1,1,1,0,0,0,0,2,0,1,0,2,3,0,1,1,1,0,0,1,0,2,1,0,1,0,2,1
612,20.0,0,0,0,0,1,1,1,2,1,1,0,0,3,1,1,0,0,1,1,1,0,0,0,0,1,1,0,1
613,20.0,1,1,1,1,1,1,1,2,1,0,0,2,2,1,1,0,0,0,0,1,0,1,1,0,0,1,0,1
614,18.0,1,1,1,1,1,0,2,0,1,1,1,2,3,0,2,0,1,1,0,0,0,2,0,0,1,0,2,0
615,26.0,1,1,1,1,0,1,1,0,0,1,0,1,2,0,1,1,0,1,1,0,1,0,1,0,0,1,2,1
616,20.0,1,1,1,1,1,0,0,2,1,0,0,1,2,2,1,0,1,1,1,2,0,2,0,0,0,1,0,0
617,26.0,1,1,1,0,1,0,1,2,1,1,0,0,0,1,2,1,1,0,0,2,1,0,0,1,0,1,1,0
618,23.0,0,1,0,1,1,1,0,2,1,0,0,2,4,2,1,2,1,1,0,2,1,2,1,1,1,0,0,0
619,21.0,0,1,0,1,0,1,2,2,0,1,0,2,4,1,2,1,0,0,1,0,0,2,1,1,0,1,1,0
620,21.0,0,1,0,0,1,1,0,2,0,1,0,1,4,0,1,2,0,0,1,2,1,0,0,0,0,1,0,1
621,26.0,1,1,0,0,1,1,0,0,1,1,0,2,1,2,2,1,1,1,0,2,1,0,0,0,0,1,2,0
622,18.0,0,0,1,1,1,1,1,0,1,1,0,2,4,2,1,1,0,0,0,1,0,0,0,1,1,1,0,1
623,20.0,1,1,1,1,1,0,2,2,1,1,1,1,1,1,1,0,1,0,1,1,0,2,1,0,0,0,2,0
624,27.0,1,0,0,1,1,1,2,2,1,0,0,1,1,2,0,0,0,1,1,0,0,1,0,1,0,1,0,0
625,22.0,0,1,1,0,0,1,0,0,1,1,0,2,3,0,2,1,0,1,0,2,1,0,1,0,0,0,1,1
626,21.0,0,1,1,1,1,0,1,2,0,1,1,2,4,2,1,2,0,0,0,2,1,2,1,0,1,1,1,0
627,19.0,0,1,1,1,1,1,1,1,1,1,0,2,0,2,1,0,1,0,0,1,0,2,1,0,0,0,1,1
628,24.0,1,1,1,0,1,1,1,0,0,0,0,1,3,0,0,0,0,0,0,1,0,1,1,1,0,0,0,1
629,23.0,0,0,0,1,1,1,0,1,1,0,1,1,0,1,1,2,1,0,0,0,1,2,1,1,1,0,1,1
630,19.0,1,1,0,0,0,1,1,0,0,1,1,1,0,2,0,0,0,1,1,2,1,2,1,0,1,0,1,0
631,20.0,1,1,1,1,1,0,2,0,0,0,0,2,3,0,1,1,0,1,1,1,1,0,1,0,1,0,1,1
632,21.0,1,1,1,1,1,0,0,1,1,1,0,1,0,1,2,1,1,1,0,2,1,0,0,0,1,0,1,1
633,23.0,0,0,0,1,1,1,0,1,1,0,0,0,4,2,0,1,1,1,1,1,1,1,0,0,0,1,2,1
634,18.0,0,1,0,1,1,1,0,0,1,1,0,0,0,0,1,2,0,0,1,0,1,1,1,1,1,0,1,0
635,18.0,0,0,0,1,1,1,0,1,0,1,1,2,1,0,2,1,1,1,0,2,1,1,0,0,0,1,2,0
636,18.0,0,1,0,0,1,1,1,0,1,1,0,2,1,2,2,2,1,1,0,1,1,1,1,0,0,0,0,0
637,18.0,1,1,0,1,0,1,1,2,0,1,0,1,0,0,1,1,0,1,0,0,1,1,0,0,0,0,0,1
638,25.0,0,1,0,0,1,1,0,0,1,1,1,2,4,0,0,1,1,0,0,1,1,0,0,0,1,0,1,1
639,25.0,0,1,0,0,1,0,1,2,0,0,1,1,0,1,0,1,0,1,1,1,0,2,1,1,0,1,1,1
640,26.0,1,1,0,1,1,1,2,0,1,1,1,1,0,0,0,2,1,0,1,0,0,0,1,1,1,0,1,0
641,18.0,0,1,1,1,1,1,1,2,0,1,0,1,4,2,1,1,0,0,1,1,1,1,0,1,0,0,0,0
642,20.0,1,1,1,0,1,1,0,2,1,0,0,1,0,0,1,2,0,1,0,2,0,2,1,1,1,0,0,1
643,27.0,0,0,1,1,0,1,0,2,1,1,0,0,0,1,1,2,0,1,0,1,0,2,1,1,1,0,0,0
644,25.0,0,0,1,0,1,1,2,1,0,1,1,0,3,2,1,2,0,0,0,0,0,2,0,1,1,0,2,0
645,20.0,1,1,1,0,1,1,0,0,1,0,0,1,2,1,0,1,0,1,0,0,0,0,1,1,0,1,2,1
646,19.0,0,1,1,0,1,1,1,2,0,0,0,1,3,0,0,1,1,1,1,1,0,1,1,1,0,1,1,0
647,27.0,0,1,0,0,1,0,2,0,1,1,0,1,3,0,0,1,1,1,1,1,0,1,1,0,0,1,0,1
648,21.0,1,1,0,1,1,1,2,2,1,0,1,0,4,0,2,1,0,0,1,0,1,1,0,1,0,1,0,0
649,21.0,0,1,0,0,0,1,0,1,0,1,1,1,2,2,2,0,0,1,1,1,0,2,1,1,1,0,2,1
650,18.0,0,1,1,1,0,1,2,2,1,0,1,0,0,1,0,0,0,0,1,1,0,0,0,1,0,1,0,0
651,18.0,1,1,0,0,0,1,1,1,1,1,0,2,4,0,2,1,0,1,1,2,0,1,1,0,1,0,2,1
652,20.0,0,1,1,1,1,1,1,1,0,1,0,1,1,0,2,1,0,0,0,2,1,0,0,0,1,1,1,0
653,20.0,0,1,1,1,1,1,1,2,1,1,1,2,3,0,0,1,0,0,0,2,0,1,0,0,1,1,1,1
654,27.0,1,1,1,1,1,1,0,0,1,1,1,1,4,0,0,2,0,0,0,1,0,2,1,0,0,1,0,1
655,26.0,1,0,1,1,1,1,1,1,1,0,1,0,3,1,0,1,0,0,0,1,1,2,1,1,1,0,2,1
656,18.0,1,1,0,0,1,1,1,2,0,0,1,0,1,2,1,1,0,0,0,0,1,2,0,0,1,1,2,1
657,23.0,1,0,1,1,0,1,0,1,0,0,0,1,3,0,0,0,0,1,1,1,0,1,1,0,0,0,0,1
658,20.0,1,0,0,1,1,1,0,1,1,1,0,1,0,0,0,1,0,1,0,1,1,2,0,1,1,0,1,0
659,23.0,0,0,0,0,1,1,1,0,0,0,0,2,0,2,2,2,1,0,0,2,1,2,0,0,0,0,2,0
660,18.0,0,1,0,1,1,1,1,0,0,0,1,2,3,0,2,2,0,0,1,0,1,0,1,1,1,0,2,1
661,27.0,1,1,1,1,1,1,1,2,1,1,1,1,2,1,0,0,0,0,0,2,1,2,0,0,0,1,2,0
662,26.0,1,1,0,1,1,1,0,1,1,0,1,1,0,1,0,1,1,1,0,1,1,2,1,1,1,1,2,0
663,27.0,0,1,0,0,0,1,1,0,1,0,0,1,4,2,2,2,0,1,1,0,1,0,0,1,0,1,2,1
664,20.0,0,1,1,0,0,1,2,1,1,1,1,2,3,0,0,2,1,0,1,2,1,2,0,1,1,1,1,0
665,26.0,0,1,1,0,1,0,0,1,0,1,1,2,2,2,1,2,0,0,1,0,0,0,0,1,1,1,0,1
666,19.0,1,1,0,0,1,1,1,1,1,1,0,1,4,0,0,0,1,1,1,0,1,0,0,0,0,1,0,0
667,22.0,0,1,0,1,0,1,0,2,1,1,0,1,1,0,1,0,1,1,1,0,0,0,1,1,0,1,2,0
668,22.0,1,1,1,0,0,0,1,0,0,1,0,1,4,2,2,1,0,0,1,2,1,2,1,1,1,1,0,0
669,26.0,1,1,1,0,1,1,2,2,1,0,0,0,0,2,0,1,0,1,0,2,0,1,1,1,1,0,1,1
670,18.0,1,1,1,1,0,1,2,1,0,0,1,1,1,2,2,1,1,1,0,0,0,1,1,0,1,1,1,0
671,20.0,1,1,0,0,1,1,2,2,0,1,0,2,2,2,2,1,1,1,1,1,1,0,0,1,1,1,2,0
672,20.0,0,1,1,1,0,1,1,0,1,1,0,1,1,1,1,1,1,1,0,0,1,0,0,1,0,1,2,0
673,22.0,0,1,0,1,1,1,0,2,1,1,0,2,3,1,2,2,1,0,0,1,1,2,1,0,1,1,2,0
674,21.0,0,1,0,1,1,1,0,0,0,1,0,2,1,1,2,1,1,1,1,0,0,0,1,0,0,1,2,1
675,27.0,0,1,0,1,1,0,1,1,1,1,0,1,0,0,0,2,1,0,1,2,1,1,1,0,0,1,1,0
676,22.0,1,1,0,1,1,0,2,1,1,1,0,0,3,2,0,2,1,1,1,1,1,0,1,0,1,1,1,1
677,25.0,1,1,0,1,0,1,1,2,1,1,1,2,2,0,1,1,0,1,1,0,1,2,0,0,1,1,1,0
678,20.0,0,1,0,1,0,1,1,0,1,0,0,2,1,2,1,0,1,0,0,0,0,2,0,0,1,0,0,0
679,27.0,1,0,0,1,0,1,2,1,1,0,0,2,1,2,0,1,0,1,0,1,1,1,1,0,1,1,2,0
680,24.0,0,1,0,1,1,0,2,0,0,1,1,2,2,0,0,2,0,1,1,0,0,2,1,0,0,0,0,1
681,23.0,0,1,1,1,1,1,1,2,1,1,0,2,0,2,2,2,1,0,0,0,1,0,0,1,0,0,1,0
682,25.0,1,1,0,1,1,0,0,2,0,0,0,2,2,0,2,1,1,0,0,1,0,1,1,0,1,0,2,0
683,24.0,1,1,0,0,1,1,1,2,1,0,1,2,2,0,2,0,1,0,1,1,0,1,1,0,1,0,1,0
684,24.0,1,1,1,1,0,1,0,2,1,1,0,2,0,1,2,1,1,0,0,2,0,0,1,1,1,1,1,1
685,24.0,1,0,1,1,0,1,0,2,0,1,0,0,2,0,1,2,1,1,0,0,0,2,1,1,0,1,1,1
686,26.0,1,1,1,1,0,0,1,0,1,1,0,1,1,2,1,1,0,1,1,1,1,0,0,0,1,0,0,1
687,21.0,0,1,0,0,0,1,1,2,1,1,1,1,3,2,2,1,1,1,1,1,1,1,0,0,0,0,2,1
688,26.0,1,0,1,1,1,1,0,1,1,0,0,1,1,2,1,0,1,0,0,0,0,1,1,0,1,0,2,0
689,22.0,1,0,0,1,1,0,2,0,0,0,0,0,2,2,2,2,1,1,0,1,1,2,1,0,1,1,0,0
690,20.0,1,1,0,1,0,0,0,1,1,1,0,2,3,0,2,1,0,1,0,0,0,0,0,0,1,1,2,1
691,24.0,0,0,1,0,1,1,0,1,1,1,0,1,0,1,1,0,1,1,0,0,1,1,1,1,0,0,1,0
692,22.0,0,1,1,1,0,0,1,1,0,1,1,2,1,0,1,1,0,0,1,1,1,0,1,0,0,1,0,1
693,24.0,0,0,0,0,0,1,0,0,1,0,0,1,4,2,0,0,0,1,1,0,0,0,0,0,0,0,0,1
694,26.0,1,1,1,1,1,0,0,2,0,1,0,1,0,1,2,2,1,1,0,2,1,0,0,1,0,1,2,0
695,21.0,1,1,0,0,1,0,1,2,1,1,1,2,3,2,2,0,0,1,1,1,0,2,1,0,0,0,2,0
696,27.0,1,0,0,1,1,1,0,0,1,1,1,0,4,2,1,2,1,0,0,1,1,2,0,0,1,0,2,1
697,21.0,1,1,1,0,1,1,0,1,1,1,0,0,0,0,1,1,1,0,1,1,0,2,0,0,1,1,0,1
698,23.0,1,1,0,1,1,1,1,1,0,0,0,1,2,2,2,2,1,1,0,1,1,2,0,0,0,0,1,1
699,19.0,1,1,0,1,1,1,0,2,0,0,0,2,1,0,1,1,0,1,1,2,0,2,0,1,1,1,2,0
700,27.0,1,1,1,1,0,0,0,2,1,1,1,1,1,1,0,2,0,0,1,2,0,2,0,1,0,0,1,0
701,18.0,0,0,1,1,1,1,1,0,0,0,0,2,4,1,2,0,1,0,0,2,1,0,0,1,0,1,0,0
702,26.0,0,1,0,1,1,1,1,0,1,1,0,0,1,2,1,1,0,1,1,1,1,2,0,1,1,0,1,0
703,27.0,0,0,0,0,1,1,2,2,0,1,1,1,0,0,2,1,0,0,1,2,1,0,0,0,0,0,1,0
704,26.0,1,0,0,1,0,1,1,0,1,0,1,1,4,0,1,1,0,1,0,2,1,2,1,1,0,1,1,0
705,24.0,0,1,0,0,1,0,1,1,0,1,1,1,4,0,1,1,1,0,0,0,0,1,1,1,1,1,0,1
706,23.0,0,1,1,1,1,1,0,2,1,1,0,1,3,2,0,1,0,0,1,2,1,1,1,1,0,0,0,0
707,23.0,0,1,0,0,1,1,1,2,0,0,0,2,3,0,0,2,0,0,1,2,0,0,1,0,1,0,2,0
708,27.0,1,1,0,1,1,0,1,2,1,0,0,2,3,0,0,1,0,0,1,2,1,2,1,1,1,1,0,0
709,18.0,1,1,0,1,1,1,1,2,1,1,0,2,0,0,1,0,0,0,1,1,0,2,1,1,1,1,2,0
710,22.0,0,1,0,1,1,1,0,1,1,1,0,2,3,2,2,1,1,0,1,1,0,2,0,0,0,1,0,0
711,20.0,0,1,1,0,1,1,0,2,1,0,0,1,2,1,0,0,1,1,1,2,1,1,0,1,1,0,2,1
712,25.0,0,0,1,1,1,1,2,0,1,0,0,0,3,2,1,2,0,0,0,1,0,1,1,1,0,1,2,0
713,24.0,0,1,0,1,0,1,1,2,1,1,0,0,0,1,2,1,0,0,1,0,1,0,0,0,1,0,1,1
714,24.0,1,1,0,1,1,0,1,1,1,1,1,1,3,0,1,2,0,1,1,0,0,0,1,1,0,0,0,0
715,23.0,0,0,1,0,0,1,1,0,1,1,0,2,3,2,0,1,0,1,1,0,0,0,0,1,0,1,1,1
716,20.0,0,0,0,0,1,0,0,2,1,1,0,2,2,1,1,0,1,0,0,0,0,2,1,0,1,0,1,0
717,21.0,0,0,0,1,1,0,1,2,1,1,0,2,1,1,0,0,1,1,1,0,0,1,1,1,1,1,2,1
718,26.0,0,1,1,1,1,1,0,0,0,0,0,1,4,0,1,1,1,1,1,2,0,0,0,1,1,0,2,0
719,23.0,0,1,1,1,1,1,0,0,0,0,1,0,1,1,1,0,0,1,1,0,0,1,0,0,0,0,2,1
720,23.0,0,1,0,1,1,0,2,1,1,1,0,2,1,2,1,2,0,1,0,0,0,0,0,1,1,1,2,0
721,20.0,0,1,1,0,0,1,1,2,1,1,1,2,0,1,1,0,0,1,1,2,1,1,0,1,0,0,0,0
722,18.0,0,1,1,1,1,0,2,2,1,1,1,1,4,1,1,2,1,1,1,2,1,0,1,0,0,0,0,1
723,24.0,1,1,0,0,0,1,1,0,1,0,0,0,4,0,2,1,0,0,0,1,1,1,1,0,0,1,0,1
724,19.0,0,1,1,1,1,0,1,2,1,1,0,2,4,1,0,1,0,1,1,0,1,2,1,1,0,0,1,0
725,20.0,1,1,0,0,0,1,0,0,1,0,0,2,0,1,2,2,1,0,0,2,0,2,0,0,0,0,1,0
726,24.0,1,1,1,1,1,1,0,1,1,0,0,2,2,1,2,2,1,1,1,1,0,0,1,0,1,1,1,1
727,23.0,0,1,1,0,1,1,0,0,0,0,1,1,4,1,2,2,1,0,1,2,1,1,1,1,0,0,0,0
728,26.0,0,1,0,1,1,1,2,2,1,0,1,2,1,0,0,0,0,0,1,0,1,0,1,0,0,1,2,1
729,26.0,0,1,0,0,1,1,1,1,1,1,0,2,2,1,1,2,0,0,1,2,1,0,1,0,0,1,1,0
730,18.0,1,1,0,1,0,0,1,1,1,0,1,2,3,1,0,0,1,1,1,2,0,0,0,0,1,0,2,1
731,19.0,0,0,1,0,1,1,1,2,1,1,0,0,0,2,2,2,0,0,0,0,1,1,0,0,1,1,0,1
732,23.0,1,1,1,0,1,1,2,0,1,0,0,1,4,2,2,2,1,1,0,2,0,0,1,0,0,0,2,1
733,19.0,1,1,1,1,1,1,1,0,1,1,0,1,1,0,1,2,1,0,0,1,1,1,1,1,1,0,0,1
734,23.0,1,1,0,1,1,1,1,2,1,1,0,0,3,0,2,0,0,1,1,2,0,2,0,0,1,0,0,0
735,23.0,1,1,1,1,1,0,2,2,1,0,0,1,2,1,0,2,1,1,1,0,0,2,1,1,1,0,1,1
736,25.0,0,1,1,0,1,1,2,2,0,1,0,0,2,0,1,1,0,0,0,2,0,1,1,0,0,0,1,0
737,21.0,0,1,1,1,0,1,0,1,1,0,0,2,4,1,2,1,0,1,1,2,1,2,0,0,1,1,0,1
738,19.0,0,1,0,1,1,0,2,1,1,1,1,0,3,1,0,2,1,0,0,1,1,0,0,0,1,0,2,0
739,22.0,1,1,0,1,0,0,1,0,1,1,0,1,2,1,1,2,1,1,0,1,1,2,1,0,1,0,1,0
740,23.0,0,1,1,0,1,1,0,2,1,1,1,0,0,2,2,0,1,1,0,1,1,0,1,1,1,1,1,0
741,22.0,1,1,1,0,1,1,2,2,1,1,1,1,2,2,2,2,0,0,1,2,1,1,1,1,1,0,2,1
742,21.0,1,1,0,0,0,0,2,0,1,0,0,2,3,0,0,2,0,1,0,1,0,2,0,1,1,0,0,0
743,27.0,0,1,0,0,1,1,2,2,1,1,0,2,2,2,2,1,1,0,0,0,1,0,0,0,1,1,0,1
744,24.0,0,1,1,1,0,1,0,1,1,0,0,1,0,1,2,0,0,1,1,1,1,1,1,1,1,0,2,1
745,27.0,0,0,0,0,1,1,1,1,0,1,0,1,2,0,2,1,1,1,1,2,1,1,1,0,1,1,0,0
746,25.0,1,0,1,1,0,1,0,1,1,1,0,2,1,0,1,2,1,0,0,1,1,1,0,0,1,1,0,1
747,18.0,1,1,0,1,1,1,1,0,0,1,1,2,4,0,0,0,1,0,1,2,1,0,1,1,0,0,1,0
748,21.0,1,1,0,0,1,0,0,0,1,0,0,1,2,0,0,1,0,1,0,2,1,2,1,1,1,0,0,1
749,27.0,0,1,1,0,1,0,1,1,1,1,0,0,4,1,2,2,0,1,1,2,0,0,1,1,1,1,2,0
750,25.0,1,1,1,1,0,0,1,2,0,0,0,2,4,0,0,1,0,0,1,2,0,0,1,0,1,1,0,1
751,19.0,1,1,0,1,1,0,2,1,0,1,0,1,1,1,1,1,1,1,0,0,1,0,0,1,1,0,1,0
752,21.0,0,1,0,1,1,0,1,0,1,0,0,1,3,2,0,0,0,1,0,1,0,2,0,0,0,0,2,0
753,26.0,0,1,0,0,1,1,1,2,0,0,1,2,4,1,0,2,1,0,1,0,0,2,1,1,0,0,0,0
754,19.0,0,1,1,1,1,0,1,0,1,0,1,2,2,1,0,0,1,1,0,1,1,0,0,1,0,0,0,0
755,19.0,1,0,1,1,1,1,1,0,0,0,0,1,4,2,2,2,1,1,1,1,0,1,0,1,0,1,2,1
756,26.0,1,1,0,1,1,0,1,2,0,0,0,2,0,2,1,0,0,1,1,0,1,2,1,1,0,1,1,0
757,21.0,1,1,1,0,0,0,0,0,0,0,0,2,3,2,1,2,1,1,1,0,1,2,1,0,0,0,2,0
758,26.0,1,1,1,1,0,1,0,1,0,1,0,2,1,0,1,0,0,0,1,2,1,2,0,0,0,1,0,0
759,27.0,0,1,1,1,0,1,2,0,1,0,0,2,1,1,1,2,1,1,0,2,1,2,1,1,0,0,1,1
760,27.0,1,1,0,0,0,1,0,0,1,1,0,2,2,2,0,2,1,1,0,1,0,1,0,0,1,1,1,0
761,19.0,0,0,1,1,1,1,0,1,1,1,0,2,2,2,0,0,0,1,0,1,0,2,0,1,1,0,1,1
762,25.0,0,1,0,1,1,1,1,2,1,1,1,2,2,2,1,1,0,1,0,0,0,0,1,1,0,1,0,0
763,18.0,1,1,1,1,1,1,1,2,1,1,0,2,2,0,0,2,0,0,1,2,1,2,0,1,0,1,1,1
764,23.0,0,0,0,1,0,1,2,0,1,0,0,2,3,2,2,1,0,0,0,0,1,1,0,0,1,0,1,1
765,24.0,1,0,1,0,0,0,1,2,1,1,0,0,3,0,2,2,0,0,1,1,0,1,1,0,1,0,1,1
766,27.0,1,1,1,1,0,0,0,2,1,1,1,1,3,2,0,0,0,0,0,1,0,0,1,1,1,0,1,0
767,26.0,0,0,1,1,1,1,2,2,1,1,0,1,3,2,2,0,1,1,0,0,0,1,1,0,1,1,0,0
768,19.0,1,0,0,0,1,1,0,2,0,0,0,1,3,1,0,1,0,1,1,1,0,2,0,0,1,1,1,1
769,24.0,0,1,0,1,1,0,1,0,1,1,1,1,4,2,1,2,1,1,1,2,0,1,1,0,0,1,2,0
770,23.0,0,1,0,0,1,1,2,2,1,1,0,2,2,1,2,1,1,1,0,0,1,2,1,0,1,1,1,0
771,22.0,1,0,0,0,0,1,0,0,1,1,0,2,3,2,2,1,0,0,1,0,0,2,1,0,1,0,2,0
772,18.0,0,1,0,0,1,1,0,2,0,1,0,1,4,0,1,2,0,1,0,1,1,0,1,0,0,1,2,0
773,25.0,1,1,1,1,1,1,0,1,1,1,1,2,4,2,2,1,1,0,0,2,1,0,0,0,1,0,2,1
774,20.0,1,1,1,1,1,0,0,0,1,1,1,1,2,1,0,1,1,1,0,1,0,2,1,0,1,0,0,0
775,18.0,1,1,0,1,1,1,1,1,1,0,0,0,0,1,1,1,0,1,1,2,0,1,1,0,0,1,0,0
776,19.0,0,1,0,1,1,0,1,0,1,0,1,0,0,2,0,0,0,1,0,1,1,2,1,1,1,0,0,0
777,24.0,0,0,1,1,1,0,2,2,1,0,0,2,2,2,1,2,1,0,0,2,0,2,0,0,1,1,0,1
778,27.0,0,0,1,1,1,0,1,0,1,1,0,1,2,0,1,2,1,1,0,1,0,1,0,1,1,1,1,1
779,19.0,0,1,1,1,0,1,1,2,1,1,0,2,1,1,2,2,1,0,0,1,1,0,1,0,1,0,0,0
780,18.0,1,0,1,1,0,1,0,1,1,1,0,2,3,2,0,1,0,1,1,2,1,0,1,0,0,0,0,1
781,26.0,1,1,1,0,0,1,0,0,0,1,0,0,1,0,2,0,0,0,0,0,0,0,1,0,0,0,1,0
782,27.0,1,0,0,1,1,1,1,1,0,0,0,0,3,0,2,0,1,1,0,0,1,1,1,1,1,0,1,1
783,21.0,1,1,1,0,1,1,0,1,1,1,0,0,4,0,0,2,0,0,1,0,1,2,0,0,1,1,0,0
784,25.0,0,1,0,1,1,1,0,1,1,1,0,2,0,2,0,1,1,1,1,1,1,2,0,1,0,0,1,0
785,21.0,1,1,1,1,0,1,0,0,1,1,0,2,3,1,1,2,0,0,0,0,0,1,1,0,0,0,0,1
786,22.0,1,1,1,1,0,0,1,1,1,0,1,2,4,1,0,2,0,0,0,1,0,2,1,1,0,1,0,1
787,29.0,0,1,1,1,1,1,2,1,1,1,0,0,2,0,0,1,0,0,0,2,0,0,0,1,1,1,2,0
788,27.0,1,1,0,1,1,1,2,1,1,1,1,2,2,0,2,2,1,0,1,0,1,0,0,1,0,0,0,0
789,26.0,1,1,1,1,1,0,0,1,1,1,0,2,4,0,0,1,0,1,1,2,0,1,0,0,1,1,1,1
790,24.0,0,1,0,1,1,1,0,1,1,1,0,1,0,1,2,0,0,0,0,2,0,2,0,1,1,1,1,0
791,22.0,0,1,1,0,1,1,0,1,0,1,0,0,0,2,1,1,1,1,1,1,1,0,0,0,0,1,2,0
792,30.0,0,1,1,0,1,0,0,1,0,0,1,1,2,1,1,2,1,0,0,0,1,2,1,0,1,1,2,0
793,29.0,0,1,1,1,1,1,0,1,1,0,1,2,4,1,0,0,0,0,1,1,0,1,0,1,0,1,0,0
794,25.0,1,1,0,0,1,1,0,1,0,1,1,0,4,1,2,1,1,1,0,0,0,1,0,1,1,1,2,0
795,23.0,0,1,1,0,1,0,0,2,0,1,1,1,1,2,0,0,1,1,0,2,0,1,1,1,0,0,2,1
796,25.0,0,1,0,0,0,1,0,0,1,1,1,1,1,0,2,0,0,1,0,0,1,1,1,1,1,1,0,1
797,30.0,0,1,1,1,1,0,2,2,1,0,0,2,2,0,1,2,0,1,1,2,0,1,0,0,1,1,1,1
798,28.0,1,1,1,0,0,0,2,2,1,0,0,2,3,0,1,1,0,0,0,0,1,2,0,1,1,1,2,0
799,17.0,1,0,0,1,1,0,2,2,1,1,1,2,1,1,1,2,0,0,0,2,1,1,1,0,0,1,0,0
800,21.0,1,1,0,1,1,0,1,1,1,1,1,1,0,0,1,1,1,0,0,0,1,1,0,0,1,1,2,1
801,29.0,1,1,0,1,0,1,2,2,1,1,0,2,4,1,0,2,0,1,1,1,0,1,1,1,0,0,2,1
802,30.0,1,0,0,0,1,1,0,1,1,1,0,2,1,2,2,1,0,1,1,0,1,1,1,0,0,0,2,0
803,30.0,1,0,1,1,0,0,2,0,1,1,0,0,0,0,2,1,1,0,0,2,0,0,1,1,0,1,0,0
804,24.0,0,0,0,0,0,1,0,2,1,1,1,0,0,2,1,1,0,0,0,1,1,2,0,0,1,1,1,0
805,26.0,0,1,1,1,1,0,2,2,1,1,1,1,4,0,2,1,0,0,0,0,0,1,0,1,1,1,2,0
806,30.0,1,1,0,1,1,1,1,2,1,0,0,2,1,1,2,1,0,0,0,2,1,2,0,0,1,0,2,0
807,30.0,0,0,1,1,0,1,0,2,1,1,0,2,3,2,0,0,1,1,0,1,1,2,0,1,0,1,2,1
808,27.0,0,1,0,1,1,1,0,1,1,0,0,1,1,2,1,2,1,0,1,0,1,0,0,1,1,1,1,0
809,30.0,1,1,1,0,0,0,2,1,1,0,0,1,2,0,0,0,1,1,0,0,1,2,1,1,0,1,2,0
810,30.0,1,1,1,1,1,1,1,2,1,1,1,1,2,1,0,0,1,0,0,1,1,1,1,1,1,1,1,1
811,16.0,1,1,0,1,1,1,0,2,1,0,0,2,4,1,1,0,1,1,1,2,0,1,0,0,1,1,0,0
812,29.0,1,1,1,1,0,1,1,2,0,0,0,2,1,2,2,0,1,0,0,1,0,0,0,1,0,1,2,0
813,27.0,0,1,0,1,1,1,0,0,1,0,0,2,2,0,0,0,0,0,1,2,0,0,1,1,1,0,2,1
814,29.0,0,1,1,1,1,1,1,0,0,1,1,1,1,1,1,2,1,1,0,2,0,0,0,0,0,0,1,0
815,29.0,1,1,1,1,0,1,1,2,1,1,0,2,0,1,2,1,0,1,1,1,1,2,1,0,1,1,0,0
816,22.0,0,1,0,1,1,1,1,2,1,1,0,1,0,2,0,1,0,0,0,2,1,2,1,1,1,1,1,1
817,26.0,0,1,1,1,1,0,0,2,0,1,0,2,1,2,1,2,0,1,0,2,1,0,1,1,1,0,1,0
818,24.0,1,0,0,1,0,0,2,2,0,1,0,2,4,1,2,2,1,0,0,0,0,1,1,1,0,0,2,1
819,17.0,0,1,0,0,0,0,1,2,1,1,0,1,1,0,1,2,1,1,1,0,0,1,1,0,1,1,0,1
820,20.0,0,0,1,1,0,1,0,0,1,0,1,1,3,1,1,1,1,0,1,2,0,2,1,1,1,0,1,1
821,22.0,0,0,1,0,1,1,1,0,0,1,1,0,4,2,2,2,1,1,1,1,0,2,0,0,1,1,0,0
822,27.0,1,1,0,1,1,1,1,2,0,1,0,2,4,1,0,2,1,1,0,1,0,1,1,0,1,1,2,0
823,26.0,1,1,0,1,0,0,1,2,0,1,1,2,0,2,1,0,0,0,0,1,1,2,1,1,0,1,0,0
824,24.0,1,1,1,1,1,1,2,0,1,1,0,1,2,1,0,1,1,0,0,1,0,2,0,0,0,0,1,0
825,26.0,1,1,0,0,0,1,2,2,1,0,1,2,4,0,1,2,0,0,1,2,0,1,0,1,0,0,1,0
826,29.0,1,0,0,1,1,1,2,1,0,0,0,2,1,2,0,2,1,0,1,0,0,0,0,0,0,1,2,1
827,16.0,1,1,0,0,1,1,1,0,1,1,0,1,0,2,2,1,1,0,0,0,1,1,0,1,1,1,0,0
828,17.0,0,1,0,0,1,0,0,1,0,0,0,1,0,2,1,0,1,1,0,1,0,1,1,1,1,1,0,1
829,29.0,1,1,0,1,0,1,2,0,0,1,0,2,0,1,2,0,0,1,1,0,1,0,0,0,0,0,1,0
830,23.0,0,0,1,0,1,1,0,0,0,1,0,1,4,0,0,1,1,1,0,0,0,0,1,1,0,0,2,1
831,22.0,0,1,1,1,0,1,1,1,0,1,1,1,4,2,2,2,1,0,0,2,0,1,1,1,0,0,1,0
832,26.0,0,1,0,0,0,1,0,1,0,1,0,1,3,0,1,0,1,0,0,1,1,0,0,1,1,0,1,1
833,27.0,0,1,0,1,1,1,2,0,1,1,0,2,1,1,0,2,1,1,1,0,0,2,0,0,0,1,2,1
834,28.0,0,1,0,1,1,0,1,1,0,1,0,1,4,0,2,1,0,1,0,0,0,2,1,1,0,1,1,0
835,23.0,0,1,1,0,1,0,0,0,1,0,1,2,4,2,1,2,0,0,1,1,1,1,1,0,1,0,1,0
836,27.0,0,0,0,1,1,1,1,2,1,1,1,1,1,1,0,0,0,1,0,2,0,0,1,0,1,1,2,1
837,21.0,0,1,0,1,0,0,0,0,1,0,0,1,4,0,1,2,1,0,1,1,1,2,1,1,1,1,0,1
838,22.0,1,1,0,1,0,1,1,2,1,1,0,1,3,1,1,0,0,1,0,2,1,0,0,1,1,0,1,0
839,30.0,1,0,1,1,1,1,0,0,1,1,0,2,4,1,2,2,0,1,0,1,0,2,0,1,1,0,1,1
840,27.0,1,0,1,0,0,1,1,2,0,1,1,2,4,1,1,2,1,1,1,2,0,0,1,0,1,1,0,0
841,25.0,1,0,0,1,1,0,0,2,1,1,1,2,4,2,0,1,1,1,1,1,1,2,1,0,1,1,0,1
842,23.0,1,1,0,1,1,1,1,2,0,1,1,2,2,2,2,0,0,0,1,2,0,2,1,1,0,0,2,0
843,21.0,0,0,0,0,1,1,1,1,1,1,1,2,2,0,2,1,0,0,1,1,0,1,0,0,1,0,1,0
844,26.0,1,0,1,1,1,1,1,0,0,1,0,0,2,0,1,2,1,0,0,2,1,2,0,1,0,1,0,1
845,28.0,1,1,1,1,1,1,1,2,1,1,0,0,2,1,1,0,1,1,0,1,0,0,1,0,0,0,2,1
846,24.0,0,1,1,0,0,1,1,0,1,0,0,1,0,1,0,0,0,0,1,2,1,1,1,1,1,0,0,1
847,23.0,1,1,0,0,1,1,2,2,1,1,0,1,2,1,2,0,0,1,1,2,0,0,0,1,0,1,2,0
848,20.0,0,1,1,0,1,0,1,1,1,0,1,2,3,1,1,0,0,0,1,1,0,0,0,1,1,1,0,0
849,30.0,0,1,1,1,0,0,0,2,0,1,1,2,0,2,2,0,0,0,1,1,0,1,1,0,0,0,2,0
850,22.0,0,1,1,1,1,1,0,1,1,1,1,2,1,2,0,0,0,1,1,1,1,1,1,0,1,1,2,1
851,17.0,0,0,0,1,0,1,2,1,1,0,0,1,0,2,2,2,0,0,1,1,0,2,1,0,0,0,0,1
852,25.0,1,0,1,0,1,1,0,2,1,1,1,0,2,0,1,2,1,1,0,1,1,1,1,0,1,0,0,1
853,20.0,0,1,1,1,1,1,0,0,0,1,0,2,3,0,0,1,1,0,0,0,0,1,0,0,1,1,1,1
854,21.0,1,0,0,1,0,0,0,1,1,1,1,0,0,1,2,0,1,1,0,1,0,2,0,1,1,0,0,1
855,26.0,0,1,0,1,1,1,1,2,1,1,1,2,4,0,1,2,1,1,1,2,1,1,0,1,0,0,2,0
856,22.0,0,1,0,1,0,1,0,1,1,1,0,2,2,0,0,0,1,0,0,2,0,2,1,1,1,1,1,0
857,23.0,1,1,1,1,1,0,2,1,1,1,0,2,2,0,1,1,1,0,0,0,1,2,0,1,1,0,2,1
858,27.0,1,0,1,1,1,0,2,0,1,1,0,2,4,2,0,2,0,1,1,2,1,1,1,0,0,1,0,1
859,24.0,0,1,1,0,1,0,0,0,1,0,0,1,2,0,2,0,1,1,0,2,1,0,1,1,0,1,0,1
860,27.0,0,1,0,1,1,1,0,2,1,0,0,1,3,0,0,1,1,0,0,0,1,1,1,1,1,0,1,0
861,23.0,0,1,0,0,1,1,0,1,1,1,1,1,2,0,2,0,0,0,0,1,1,2,0,0,1,1,2,0
862,16.0,1,1,0,0,1,1,2,0,1,1,0,2,4,1,0,0,1,0,1,0,1,0,1,0,0,0,1,0
863,23.0,0,1,1,1,0,1,2,1,0,1,1,1,4,1,2,1,1,1,0,0,1,0,1,0,1,0,2,1
864,16.0,0,0,1,1,1,0,2,1,0,1,1,1,3,1,2,1,1,0,1,1,1,0,1,0,1,0,0,0
865,29.0,1,1,1,0,0,1,0,1,0,1,0,1,1,1,2,0,1,1,0,2,0,1,1,0,1,0,2,0
866,16.0,0,0,1,0,1,1,1,2,1,1,0,0,0,2,2,1,1,1,0,2,0,0,1,1,1,1,0,0
867,27.0,1,1,1,1,1,0,0,0,0,1,0,2,0,0,1,2,0,1,0,0,1,0,1,1,0,1,2,0
868,29.0,1,1,1,1,0,1,1,2,1,1,1,0,3,0,2,2,0,0,0,0,0,2,0,0,0,1,2,0
869,25.0,1,0,1,1,1,1,1,1,1,1,0,1,2,1,1,2,0,1,1,1,1,0,0,0,0,1,1,0
870,27.0,0,0,1,1,1,1,0,2,1,1,0,1,2,2,1,2,1,0,1,2,1,0,0,1,1,0,1,0
871,24.0,1,0,0,1,1,0,1,0,1,1,0,2,4,2,2,1,1,0,1,0,1,0,0,0,0,1,2,1
872,21.0,0,0,1,1,1,1,1,2,0,1,1,1,4,2,1,1,1,0,1,0,1,0,1,1,1,0,2,0
873,28.0,1,0,0,1,1,0,2,0,1,0,0,0,0,2,1,0,1,1,1,0,1,1,1,1,0,0,1,0
874,26.0,1,1,1,0,1,1,0,1,1,1,1,0,1,0,0,2,0,0,1,1,1,0,0,0,1,1,1,0
875,25.0,1,1,0,1,1,1,1,1,0,1,0,2,4,2,1,1,0,0,0,1,1,2,1,0,1,1,1,0
876,27.0,1,1,1,1,0,1,1,2,1,0,0,1,2,2,1,1,1,1,0,2,1,0,0,1,0,0,2,1
877,24.0,0,1,1,0,0,1,1,0,0,0,0,2,0,2,2,0,0,0,0,2,1,1,0,0,0,1,0,1
878,24.0,0,1,0,1,0,1,1,1,1,1,0,2,3,0,2,1,0,0,0,0,1,0,1,0,1,0,0,0
879,23.0,1,1,0,1,1,0,0,0,1,1,0,0,3,1,1,1,0,1,0,0,1,0,1,0,1,1,2,0
880,17.0,0,1,1,1,0,1,0,2,1,1,0,2,2,2,0,2,1,1,0,2,0,2,1,0,1,0,0,0
881,23.0,1,1,1,0,1,1,1,2,1,1,1,0,1,1,1,2,0,1,1,0,1,2,1,0,0,0,0,1
882,25.0,1,1,1,1,0,1,0,2,0,1,1,2,3,1,0,1,0,0,1,1,0,1,0,1,1,0,0,1
883,21.0,0,1,0,0,1,0,0,2,1,1,0,1,2,0,1,0,1,0,1,0,1,1,1,0,1,0,1,1
884,28.0,0,1,1,1,0,0,0,2,0,0,0,0,2,2,2,2,0,0,1,1,0,1,1,0,0,0,1,0
885,24.0,1,1,1,1,0,1,2,0,0,1,1,2,1,0,2,2,0,0,1,2,1,1,1,1,1,1,0,1
886,26.0,0,0,0,1,1,1,0,2,1,1,0,1,4,1,2,0,0,1,1,1,0,2,1,0,0,1,1,1
887,30.0,1,1,1,1,0,0,2,1,1,1,0,0,1,2,2,2,0,0,1,2,1,0,0,1,1,1,1,0
888,28.0,0,1,0,1,1,1,0,0,0,0,0,1,4,0,1,2,0,1,0,1,0,2,0,0,0,0,1,0
889,16.0,0,1,1,0,0,0,1,1,1,1,1,1,3,0,0,2,0,1,1,2,0,2,0,1,0,0,1,1
890,21.0,0,1,1,1,1,1,1,1,0,1,0,2,2,0,1,0,1,1,1,2,0,0,0,1,1,0,1,0
891,26.0,1,0,0,1,1,1,1,1,0,0,0,1,1,1,1,1,0,1,0,2,0,1,0,0,0,1,2,1
892,21.0,0,0,0,1,1,1,0,0,1,1,0,0,4,0,2,2,0,0,1,1,1,2,0,1,0,1,2,1
893,23.0,1,1,0,1,1,1,1,2,1,1,1,2,1,1,0,2,0,1,0,1,0,1,1,1,1,1,2,1
894,26.0,0,1,1,0,1,1,0,2,1,0,1,2,3,0,2,2,0,0,1,2,0,1,1,1,0,0,2,1
895,30.0,0,1,0,1,0,1,0,0,0,1,1,2,4,2,1,0,0,1,0,2,0,0,0,1,1,1,0,1
896,24.0,0,1,1,1,1,0,1,1,1,1,0,0,1,0,0,0,1,0,0,2,1,1,1,0,0,1,0,0
897,24.0,0,0,0,1,1,0,1,1,0,1,0,0,4,0,2,0,0,1,0,2,1,2,1,1,1,1,1,1
898,30.0,0,1,1,1,1,1,0,2,1,0,1,0,1,2,0,1,1,0,1,1,0,0,1,0,1,0,2,1
899,27.0,1,1,0,1,0,0,1,2,1,1,0,2,2,0,0,1,0,1,1,2,1,0,0,0,0,0,1,0
900,22.0,0,1,0,1,0,1,0,0,0,1,0,0,4,1,1,2,0,1,0,1,1,1,0,0,0,0,2,0
901,27.0,0,1,0,1,1,1,1,0,1,1,0,2,2,0,1,1,1,0,0,1,1,0,0,0,1,1,1,0
902,28.0,1,1,1,0,0,1,1,2,0,1,1,1,1,1,2,1,0,0,1,0,1,2,0,1,1,0,1,0
903,22.0,1,1,1,1,0,1,1,0,1,1,0,2,3,0,2,1,0,1,1,0,1,1,1,0,0,0,0,1
904,26.0,1,1,0,1,1,1,1,1,1,1,0,0,2,1,2,1,0,0,1,0,0,0,1,1,1,1,0,0
905,22.0,0,1,1,1,0,1,1,2,1,1,0,2,0,0,0,2,1,1,1,2,0,2,0,1,0,1,1,0
906,16.0,0,1,1,1,1,0,1,2,1,1,1,2,1,0,0,0,1,1,1,2,1,0,0,0,1,0,1,1
907,21.0,1,1,1,1,0,1,1,2,0,0,0,2,3,0,1,1,0,1,1,0,1,0,0,1,1,1,2,1
908,28.0,1,1,0,1,0,1,0,2,1,1,0,2,0,1,1,2,1,0,1,0,0,1,1,0,1,0,2,1
909,26.0,1,1,0,1,1,0,0,1,1,0,1,0,4,1,2,2,1,0,1,1,1,1,0,0,1,1,1,0
910,29.0,1,1,0,1,1,0,0,2,0,0,1,1,0,2,1,1,0,1,0,2,1,1,1,0,1,1,1,0
911,30.0,0,1,0,1,1,1,2,0,1,1,1,1,3,2,0,1,1,0,1,1,1,2,0,0,0,1,2,0
912,23.0,1,1,1,0,1,1,2,2,0,0,0,1,1,2,0,2,0,0,1,0,0,0,1,0,0,1,0,0
913,24.0,0,1,0,1,0,1,1,1,0,1,1,1,1,2,2,2,0,0,0,1,1,2,0,1,0,1,0,1
914,23.0,1,1,0,1,1,1,0,0,0,1,1,2,0,2,0,0,0,0,1,2,0,2,0,1,1,0,0,0
915,30.0,1,0,1,0,1,0,1,2,0,0,0,1,1,2,1,0,0,1,0,1,1,2,1,1,0,0,2,1
916,16.0,0,1,0,1,0,1,2,2,1,0,0,2,2,0,0,2,0,0,1,1,0,1,1,0,0,1,1,1
917,17.0,0,1,1,1,1,1,1,0,1,1,0,1,4,0,1,1,0,1,1,1,1,2,1,1,1,0,0,1
918,29.0,0,1,1,1,1,1,2,0,1,0,0,1,0,0,0,2,1,1,0,0,1,2,0,1,0,1,1,1
919,21.0,0,1,1,1,0,1,0,1,1,1,1,0,1,2,0,1,0,0,1,1,1,2,1,1,1,0,0,1
920,27.0,1,1,1,0,1,1,1,2,1,0,0,1,0,1,0,0,0,0,0,1,0,2,1,1,1,1,1,0
921,20.0,0,1,0,0,0,0,1,2,1,1,0,0,3,1,2,2,1,0,1,1,1,0,0,1,1,0,0,1
922,21.0,1,1,1,1,0,1,2,0,0,0,0,2,2,2,2,1,0,0,0,2,1,2,1,0,1,0,0,0
923,21.0,1,1,1,1,1,1,0,2,0,1,0,2,2,2,2,1,0,0,0,2,1,2,0,1,0,0,2,1
924,17.0,0,0,0,1,1,0,1,0,0,0,0,1,4,2,2,1,1,1,0,2,1,1,1,1,1,0,0,0
925,27.0,0,0,0,1,0,0,1,1,1,1,0,2,2,1,2,1,0,1,0,0,1,2,1,0,0,1,1,1
926,29.0,0,0,0,1,1,1,1,0,0,1,1,2,2,0,1,1,1,0,0,2,0,0,1,1,1,0,2,1
927,17.0,1,0,1,0,0,1,1,2,1,1,1,2,4,0,1,2,1,1,1,0,1,2,1,0,1,1,0,1
928,24.0,0,1,0,0,0,1,2,1,0,1,0,1,2,2,0,2,1,1,1,1,0,0,1,0,1,1,0,1
929,16.0,1,1,1,0,1,0,0,1,1,0,1,1,0,2,2,1,0,1,0,1,1,0,0,0,0,1,0,1
930,22.0,1,1,0,0,1,1,1,2,0,1,0,2,2,1,0,1,1,0,0,2,0,2,0,1,0,1,2,1
931,23.0,0,0,1,1,1,0,0,0,1,0,0,0,4,0,1,2,1,1,1,1,1,1,0,0,0,0,0,1
932,25.0,0,1,0,1,0,0,2,0,1,1,1,0,2,2,2,0,0,1,1,2,0,1,1,1,1,1,0,1
933,17.0,1,1,1,1,1,0,0,2,1,1,1,2,0,1,1,1,0,1,1,0,0,1,1,0,1,0,0,0
934,27.0,1,0,1,1,0,1,2,2,1,1,1,2,4,2,0,2,1,0,0,2,1,1,1,0,1,0,0,1
935,24.0,1,1,0,1,1,1,0,2,0,1,1,2,4,0,1,0,1,1,1,0,0,2,1,0,1,0,0,1
936,29.0,1,1,1,1,0,1,0,1,0,1,1,1,4,0,2,2,0,0,0,2,1,2,0,0,0,0,1,0
937,25.0,0,1,0,1,1,1,1,1,1,1,1,2,1,2,0,1,0,1,1,0,1,0,1,1,0,1,0,0
938,24.0,1,1,1,1,0,1,0,0,1,1,0,2,4,2,0,0,1,1,1,2,0,1,0,0,1,0,0,0
939,24.0,0,0,0,0,1,0,1,2,0,0,0,2,2,0,2,0,0,1,0,2,1,2,0,1,1,1,2,1
940,21.0,0,1,1,0,1,1,0,2,0,0,1,1,4,2,1,1,0,0,0,2,0,1,1,0,0,1,0,0
941,16.0,1,1,1,1,0,1,1,0,0,1,0,2,2,0,2,0,1,1,0,2,0,1,0,1,1,1,2,1
942,27.0,1,1,0,0,1,1,0,2,0,1,1,1,2,1,2,1,1,1,1,1,1,0,1,0,1,1,2,0
943,17.0,1,1,0,1,1,1,1,1,1,0,1,2,4,2,0,0,1,1,1,1,0,2,1,0,0,1,1,0
944,25.0,0,1,0,1,0,1,0,1,0,1,0,2,0,1,1,1,0,1,1,2,1,1,0,1,1,0,2,1
945,22.0,1,0,1,0,1,1,0,1,1,1,0,1,2,1,0,0,1,0,1,1,0,0,1,0,0,1,0,1
946,17.0,1,0,1,1,1,1,1,0,1,0,1,1,1,2,2,0,1,0,0,0,1,2,0,0,1,1,0,1
947,26.0,0,0,1,1,1,1,0,0,0,1,0,2,0,0,2,0,0,1,0,0,1,2,1,0,1,0,1,1
948,20.0,0,1,0,1,1,1,1,1,1,1,1,2,1,1,2,1,0,0,1,0,1,1,0,1,1,0,1,1
949,29.0,0,1,0,0,1,1,1,2,1,1,0,2,4,2,2,1,1,0,1,0,0,0,0,1,0,1,1,1
950,22.0,1,1,1,1,0,1,1,1,1,1,1,2,3,2,1,1,1,0,0,2,0,0,0,0,1,0,1,0
951,29.0,1,0,1,0,0,1,0,0,1,0,1,2,2,0,0,0,1,1,1,0,0,1,0,0,1,1,2,1
952,22.0,0,1,0,1,1,0,2,2,1,1,0,2,0,1,2,0,0,1,0,1,1,1,0,0,0,0,1,0
953,17.0,1,0,0,0,1,1,2,0,1,1,1,1,1,1,1,0,1,0,1,2,1,2,1,1,0,1,2,1
954,24.0,0,1,0,1,1,1,1,0,0,1,0,2,4,1,0,0,0,0,0,1,0,1,1,0,1,1,1,0
955,27.0,1,0,1,1,0,0,2,2,1,1,0,0,0,0,2,1,1,0,1,0,0,1,1,0,1,1,0,0
956,25.0,0,1,0,1,0,1,0,0,1,0,0,2,4,1,0,2,1,1,1,1,0,2,1,0,0,0,2,1
957,21.0,1,0,0,0,1,1,0,1,1,1,1,2,3,0,2,0,0,0,0,2,0,1,1,1,1,0,2,0
958,22.0,1,1,1,1,1,1,2,0,0,1,1,2,4,1,1,1,0,1,1,1,1,2,0,1,1,0,1,1
959,22.0,0,1,0,1,1,1,1,0,0,1,0,2,3,1,1,2,0,0,0,0,1,2,0,1,1,1,0,1
960,29.0,1,1,1,1,1,1,1,1,1,1,0,1,1,0,1,1,1,1,1,1,0,2,1,1,0,0,1,1
961,29.0,1,1,1,0,0,1,1,2,1,1,0,1,1,0,1,1,1,1,0,0,1,2,0,0,1,1,0,1
962,25.0,1,1,1,1,1,1,0,2,1,1,0,2,0,2,0,0,1,1,0,1,1,0,0,0,1,1,0,1
963,24.0,1,0,1,1,0,1,1,0,1,1,0,2,2,0,2,2,0,1,1,0,1,1,1,1,0,1,2,0
964,25.0,1,0,1,1,1,1,0,2,1,1,0,1,4,2,2,2,1,0,0,1,0,2,0,1,0,1,0,1
965,23.0,0,0,0,0,1,0,0,2,1,0,1,2,4,2,0,2,1,1,0,2,1,2,0,0,1,0,0,1
966,25.0,1,1,1,1,1,1,1,2,0,1,0,0,1,2,2,2,0,1,0,2,0,2,1,1,0,1,0,0
967,24.0,0,1,1,1,0,1,2,2,1,1,0,2,1,2,2,2,1,1,0,1,1,0,0,0,1,1,1,1
968,28.0,0,0,0,1,1,1,1,0,1,0,0,2,1,2,2,1,1,1,1,1,0,0,0,1,1,1,2,1
969,24.0,0,1,1,1,1,1,0,2,0,1,0,2,4,1,2,2,0,1,0,0,0,1,1,0,0,0,0,0
970,25.0,0,1,1,0,0,1,1,0,1,1,0,1,0,1,1,2,0,0,1,2,0,2,1,0,0,0,1,0
971,28.0,0,0,0,0,1,1,1,2,1,1,1,1,0,0,0,0,0,0,1,1,0,2,1,0,0,0,0,0
972,22.0,1,1,1,1,0,1,1,1,1,1,0,1,3,2,1,1,1,1,0,0,1,0,0,1,1,0,2,1
973,17.0,1,0,0,1,1,1,1,0,1,1,1,0,0,2,0,0,0,1,1,1,1,2,1,1,1,0,2,0
974,26.0,1,1,1,1,1,1,0,1,0,1,0,2,0,2,0,0,0,0,0,1,1,0,1,0,1,0,0,1
975,27.0,1,1,0,1,1,0,0,0,1,0,1,1,0,1,1,2,0,0,1,2,1,2,0,0,1,0,0,0
976,24.0,0,1,0,0,1,1,0,2,1,0,0,2,4,0,0,1,0,0,0,2,1,0,1,0,0,1,1,0
977,16.0,1,1,0,1,0,0,2,0,0,1,0,2,3,1,2,1,1,1,0,0,0,0,0,0,1,0,1,0
978,17.0,0,1,0,0,1,1,0,2,1,0,0,2,0,0,0,2,1,1,0,0,1,2,0,0,1,1,2,0
979,24.0,1,0,0,1,0,1,0,1,0,0,1,1,3,2,1,2,1,1,1,0,1,2,1,0,0,0,1,1
980,27.0,1,1,0,0,1,1,0,0,1,1,1,2,4,0,0,1,1,1,1,2,1,1,0,0,0,0,1,0
981,22.0,0,1,0,1,1,0,1,1,1,1,0,1,2,0,0,1,0,1,1,2,0,0,1,1,0,0,0,0
982,25.0,0,1,1,0,1,0,1,1,0,1,0,2,4,2,2,2,1,0,1,1,0,1,0,1,1,1,1,0
983,25.0,0,1,0,1,0,1,0,1,0,1,1,0,2,0,2,2,0,0,0,0,1,2,0,0,1,1,2,0
984,25.0,0,1,1,0,1,0,0,0,1,1,0,1,1,0,2,2,1,1,0,1,1,2,0,1,1,0,0,0
985,23.0,1,1,1,1,1,1,0,1,1,1,1,0,0,1,1,2,1,1,1,1,0,0,1,1,0,1,1,0
986,23.0,0,0,0,1,1,1,2,1,1,0,0,2,4,0,0,2,0,1,0,2,0,2,1,0,0,0,1,0
987,24.0,1,0,0,1,1,1,1,1,1,1,0,2,2,2,1,2,1,0,0,0,0,0,1,0,1,0,0,0
988,30.0,1,1,0,1,0,1,1,1,0,1,0,1,3,1,2,1,1,0,1,2,1,0,0,0,0,0,1,0
989,29.0,0,0,0,1,1,1,1,1,1,0,0,0,3,0,2,2,0,0,1,2,0,1,1,1,1,0,2,0
990,23.0,0,1,1,0,1,1,1,1,1,1,1,0,3,2,2,1,0,0,1,0,0,2,0,0,0,0,2,0
991,21.0,0,0,1,1,1,1,0,1,1,1,0,2,0,1,0,0,0,1,1,1,0,2,1,0,1,0,2,0
992,24.0,0,1,1,1,1,1,1,1,1,1,0,1,1,1,0,0,1,0,0,1,0,0,0,1,1,1,2,1
993,29.0,1,1,0,1,0,0,2,1,0,1,0,2,1,1,2,2,0,0,1,0,0,0,0,0,1,1,1,0
994,29.0,1,1,1,1,1,1,1,2,1,1,0,1,2,2,0,1,0,1,0,0,0,1,0,1,0,1,1,0
995,24.0,1,0,0,0,1,1,1,0,1,1,0,2,3,2,1,2,0,1,1,2,0,0,0,1,0,1,1,0
996,23.0,0,0,0,1,0,1,1,2,0,1,0,1,0,1,1,2,0,1,1,2,0,2,1,1,0,0,2,0
997,29.0,0,1,0,1,1,1,0,2,1,1,0,2,2,2,0,2,0,0,1,1,0,1,1,1,0,1,2,1
998,24.0,0,1,1,0,1,0,2,2,1,1,1,2,1,2,1,1,0,1,0,2,1,1,1,0,0,1,0,0
999,21.0,0,0,0,0,1,0,1,1,1,0,0,2,0,1,0,1,1,1,1,2,0,1,1,0,0,0,0,1
1000,24.0,0,1,0,0,0,0,1,2,1,1,0,2,0,0,1,2,1,0,0,2,1,2,0,0,1,0,1,0
1001,24.0,0,0,1,1,1,1,0,1,0,0,0,0,3,2,0,1,0,0,1,1,1,0,1,1,1,1,2,0
1002,16.0,0,0,0,1,1,0,1,0,1,0,0,2,0,0,1,2,0,0,0,0,0,0,1,1,1,1,2,0
1003,22.0,0,1,1,1,1,0,0,2,0,0,0,2,4,0,0,0,0,0,1,0,1,2,1,0,0,0,1,0
1004,20.0,0,0,1,0,1,0,0,2,1,0,0,0,2,1,1,2,1,0,0,1,1,0,0,0,0,1,0,1
1005,23.0,1,0,0,0,1,1,1,2,1,1,0,2,4,1,2,1,1,1,1,1,1,0,0,0,1,0,2,0
1006,24.0,0,0,1,0,1,1,2,2,1,0,0,1,1,0,0,2,1,0,1,1,1,1,1,0,0,1,0,1
1007,23.0,0,1,0,1,1,1,1,1,1,1,0,2,3,1,2,1,0,1,1,1,0,0,1,1,1,0,1,1
1008,24.0,1,1,1,1,1,0,1,1,1,1,0,0,3,0,1,0,1,1,0,2,0,2,1,1,1,0,0,0
1009,25.0,0,1,0,1,1,0,0,2,1,0,0,1,3,0,1,0,1,0,1,2,0,0,0,1,1,1,1,1
1010,16.0,1,1,0,1,1,0,0,2,1,1,1,2,1,0,2,1,1,0,1,1,1,1,0,0,1,0,2,1
1011,24.0,1,0,1,0,1,0,1,2,1,1,0,1,0,1,2,2,1,1,1,1,0,0,0,1,0,1,1,0
1012,25.0,0,0,1,0,1,1,1,0,1,1,0,1,2,2,2,0,0,0,1,0,0,1,0,0,1,0,0,0
1013,29.0,0,1,0,1,1,1,0,0,1,1,0,2,1,2,1,1,1,0,1,0,1,0,1,0,0,0,0,1
1014,21.0,1,1,0,1,1,1,1,2,1,0,0,1,1,0,0,1,1,1,1,1,0,2,1,1,1,1,0,0
1015,24.0,1,0,1,1,1,1,2,2,1,1,0,2,0,1,2,1,0,1,0,1,0,1,0,1,1,1,1,1
1016,22.0,1,0,0,0,0,0,2,2,0,1,0,0,2,2,0,1,1,1,1,0,0,2,0,0,1,1,1,0
1017,20.0,0,0,0,1,1,1,2,2,0,1,0,2,2,1,2,1,0,0,1,2,0,0,0,0,1,1,1,0
1018,17.0,1,0,0,1,1,1,1,2,1,0,0,1,2,1,0,0,0,0,0,0,0,0,0,1,0,0,1,0
1019,24.0,1,1,0,0,1,0,1,0,1,1,1,1,0,1,2,2,1,1,0,0,1,0,1,0,1,0,1,1
1020,24.0,1,1,1,0,0,0,1,0,1,0,0,0,3,2,2,2,1,0,0,2,0,2,1,0,1,1,1,1
1021,21.0,0,1,1,1,0,1,0,2,1,0,0,2,1,0,1,2,1,0,1,2,1,1,0,0,0,1,0,1
1022,26.0,0,1,1,0,1,1,2,2,1,0,0,0,4,0,1,0,1,0,1,1,0,2,1,0,1,1,1,1
1023,23.0,0,1,1,1,1,1,1,0,1,1,1,1,2,1,0,1,1,1,1,0,0,1,0,1,1,1,1,1
1024,22.0,1,1,0,1,1,1,2,2,0,1,1,0,4,2,1,1,1,0,1,1,1,1,1,0,1,1,1,0
1025,16.0,1,1,1,1,1,1,2,1,1,0,0,1,4,0,0,0,0,0,1,0,0,2,0,1,1,0,0,0
1026,21.0,1,1,1,1,0,1,0,0,1,1,0,2,2,1,0,0,0,0,1,2,1,0,0,0,1,0,2,0
1027,22.0,1,1,0,1,0,1,1,1,1,0,0,2,1,1,2,1,1,1,0,1,1,0,0,0,0,1,0,0
1028,26.0,1,1,1,1,1,0,0,0,1,0,1,0,2,2,0,1,1,0,0,2,0,2,0,1,1,0,1,1
1029,28.0,1,1,1,0,1,1,1,0,0,1,0,1,4,1,1,2,0,0,1,2,1,2,1,1,0,0,1,1
1030,22.0,1,0,0,1,1,1,1,1,1,1,0,2,2,2,2,0,1,0,0,2,0,1,0,0,1,1,2,0
1031,22.0,1,1,1,1,1,1,1,1,1,0,0,2,2,1,0,2,1,0,0,2,0,2,1,1,0,1,0,0
1032,30.0,1,1,0,0,1,0,0,0,0,1,0,2,3,2,1,0,1,1,1,1,1,1,1,1,1,0,0,0
1033,20.0,0,1,0,1,0,1,1,1,1,1,0,2,1,0,0,0,1,0,1,0,1,0,0,1,0,0,2,1
1034,26.0,1,1,1,1,1,1,2,0,1,0,0,1,2,1,2,2,0,1,1,2,0,2,0,0,0,1,0,1
1035,24.0,1,1,0,1,1,1,1,2,1,1,1,1,1,1,1,1,1,0,1,2,1,0,1,0,1,1,1,0
1036,16.0,0,0,0,1,1,1,1,0,0,0,0,2,1,1,2,2,1,1,0,1,1,0,1,1,1,0,1,0
1037,22.0,1,1,1,1,0,1,2,2,1,1,1,2,4,1,1,1,0,0,1,0,0,2,0,1,0,0,1,1
1038,16.0,1,1,0,1,0,1,2,0,1,1,1,1,1,2,1,1,1,1,0,2,1,2,1,0,0,0,0,0
1039,30.0,0,1,1,0,1,1,0,2,1,1,0,2,0,1,1,0,0,0,1,2,1,1,0,1,1,1,2,0
1040,30.0,1,1,0,1,1,1,0,2,1,0,1,2,1,2,1,0,0,0,0,2,1,0,1,0,0,0,1,0
1041,29.0,1,1,0,1,1,0,0,2,1,1,1,1,2,2,1,1,1,1,1,2,1,1,1,0,1,0,1,0
1042,27.0,1,1,1,0,1,1,0,1,0,1,0,0,0,1,0,0,0,1,1,0,1,2,1,0,0,1,0,1
1043,16.0,1,0,1,1,0,1,0,0,0,1,0,2,2,1,2,2,0,1,1,2,1,2,0,0,1,1,1,1
1044,27.0,0,1,0,1,1,0,1,2,0,0,0,2,3,1,1,1,1,1,0,0,1,2,1,1,0,0,0,0
1045,24.0,1,1,1,0,1,1,1,0,1,1,0,1,0,0,2,1,1,0,1,0,1,1,0,1,0,0,1,0
1046,17.0,0,0,1,0,1,1,1,2,1,0,1,2,2,2,1,2,0,1,0,0,0,0,0,0,1,0,0,1
1047,26.0,0,1,0,1,1,1,1,1,1,1,1,1,3,1,2,2,1,1,0,2,0,1,0,0,1,1,1,0
1048,29.0,1,1,1,1,1,0,1,2,1,1,0,2,4,2,1,1,1,0,1,0,0,1,1,1,1,0,1,0
1049,30.0,1,0,0,1,1,1,2,1,0,0,0,2,0,2,1,2,1,0,1,1,0,2,0,0,1,0,1,1
1050,24.0,0,0,0,0,1,1,2,1,1,0,1,1,1,0,0,1,0,0,0,0,1,0,1,1,0,1,1,0
1051,16.0,1,1,1,1,1,0,0,2,1,0,1,0,1,2,2,2,1,1,0,1,0,0,0,1,0,0,2,1
1052,30.0,1,1,0,1,1,1,0,0,1,1,1,2,1,2,1,2,1,1,0,1,0,0,0,0,1,1,1,0
1053,22.0,0,0,0,1,1,0,2,1,0,1,1,0,1,2,0,0,0,0,0,1,0,2,0,0,0,0,0,0
1054,17.0,0,1,1,1,1,0,0,2,1,1,0,1,1,1,0,0,0,0,0,0,1,1,0,1,1,0,2,1
1055,26.0,0,0,1,1,1,1,1,1,1,1,0,0,0,2,2,2,1,0,1,0,1,1,0,1,1,1,1,1
1056,23.0,0,0,0,1,0,1,1,1,0,1,1,0,4,0,0,0,1,1,1,2,1,2,1,0,1,0,1,0
1057,27.0,0,1,0,0,0,0,0,0,0,1,1,1,2,2,2,1,0,1,0,1,1,2,0,0,1,0,1,0
1058,27.0,1,1,1,1,0,1,0,0,1,0,1,1,0,2,2,2,1,1,1,0,1,1,0,0,0,0,1,0
1059,27.0,0,1,0,1,1,1,0,2,1,1,0,2,0,0,1,2,0,0,1,0,1,1,1,1,0,0,0,0
1060,16.0,1,1,1,1,0,1,1,1,1,1,1,2,2,1,2,0,0,0,1,2,1,2,1,0,1,0,1,1
1061,27.0,1,1,0,1,0,1,1,0,1,1,0,2,4,0,2,2,1,1,1,2,1,1,1,0,1,0,2,1
1062,22.0,1,0,0,0,1,1,2,1,1,0,1,2,4,0,1,1,1,1,1,1,0,1,1,1,0,1,2,1
1063,16.0,1,1,1,1,0,1,0,1,0,1,0,2,0,2,1,1,1,0,0,2,0,0,1,1,1,1,1,1
1064,23.0,1,1,1,0,0,1,2,1,0,1,0,2,1,0,2,0,0,0,1,1,0,2,0,0,1,0,0,0
1065,21.0,1,1,1,1,1,0,0,2,0,1,1,2,0,0,0,2,0,0,0,0,1,2,1,1,0,0,1,1
1066,24.0,0,1,1,0,1,0,1,0,0,0,1,0,1,2,0,0,1,1,0,2,1,2,1,0,1,1,0,0
1067,22.0,1,0,0,1,1,1,1,2,1,0,0,2,1,2,1,2,1,1,0,2,0,0,0,1,1,1,2,0
1068,17.0,1,1,1,1,1,0,1,1,0,1,0,1,4,0,0,1,0,1,0,1,1,2,1,1,1,0,2,1
1069,28.0,0,1,0,1,1,1,1,2,1,0,0,1,2,0,2,2,1,0,0,2,1,2,0,0,1,1,0,0
1070,17.0,1,0,1,1,1,0,0,0,1,0,1,1,2,2,2,2,1,0,1,1,1,0,0,1,0,0,0,1
1071,22.0,1,1,1,1,0,0,0,2,1,1,1,1,3,0,0,0,0,1,0,2,1,0,0,1,0,0,0,0
1072,27.0,0,0,1,0,1,1,0,0,1,1,1,0,2,1,0,0,0,1,0,2,1,1,1,1,0,1,1,1
1073,25.0,0,0,0,1,1,0,2,1,1,1,0,1,4,1,2,1,0,1,0,1,1,0,1,1,1,0,2,0
1074,30.0,0,1,1,0,0,1,1,1,1,1,0,1,2,2,2,1,0,0,0,1,0,0,0,0,0,0,2,1
1075,28.0,0,1,1,1,0,1,0,2,0,1,1,1,1,1,2,0,0,0,1,2,0,0,1,0,1,1,1,1
1076,29.0,0,1,0,1,0,0,2,0,0,0,1,2,4,0,1,2,0,0,0,2,1,1,0,0,1,0,1,1
1077,24.0,0,1,1,1,1,0,0,1,1,1,0,0,0,0,1,0,0,0,1,2,0,1,0,0,0,0,2,1
1078,20.0,0,1,1,1,1,1,2,0,0,0,0,2,2,2,2,1,0,0,0,1,1,2,0,1,1,0,2,1
1079,26.0,0,0,0,1,1,1,1,2,0,1,0,2,4,1,0,0,0,0,0,2,1,0,0,1,1,1,2,0
1080,28.0,0,0,1,1,1,1,0,2,0,0,0,2,2,0,2,0,1,1,1,0,1,1,1,0,1,0,0,1
1081,20.0,0,1,1,0,1,1,1,2,1,1,0,1,1,0,0,2,1,0,0,2,0,1,0,1,0,0,2,0
1082,24.0,0,0,1,1,1,0,0,2,1,1,0,1,1,2,1,1,1,1,0,0,1,1,0,0,1,0,2,0
1083,25.0,1,1,1,1,0,1,0,2,1,1,0,1,4,0,2,0,1,0,0,2,1,2,1,0,1,1,1,0
1084,26.0,1,1,0,0,1,1,1,0,1,1,1,2,4,0,1,2,1,0,1,1,1,1,0,0,0,0,2,0
1085,16.0,0,1,0,0,1,1,2,2,1,1,0,2,4,1,1,1,0,1,0,1,1,0,1,0,0,0,2,1
1086,27.0,1,1,1,1,0,1,0,1,1,0,0,1,4,0,0,1,0,1,0,0,1,1,1,1,0,1,2,0
1087,21.0,1,0,0,1,1,1,1,0,0,1,1,1,3,1,1,1,0,1,1,0,0,0,0,1,0,0,2,1
1088,28.0,1,1,1,1,1,1,0,1,0,1,0,1,0,0,1,1,0,1,0,2,1,1,1,1,1,1,2,1
1089,27.0,0,1,1,0,1,1,1,1,0,1,0,0,2,2,2,2,0,1,0,0,1,0,0,1,0,1,0,0
1090,21.0,1,1,1,1,1,1,1,1,0,1,0,2,0,2,0,2,1,0,0,0,1,2,0,1,0,0,1,1
1091,17.0,1,1,1,0,0,1,2,0,0,1,0,0,1,1,1,0,1,1,0,1,0,2,0,0,0,1,1,0
1092,24.0,1,1,0,1,1,1,2,2,1,1,0,2,2,0,0,1,1,1,1,1,1,0,1,1,0,1,1,1
1093,21.0,1,0,0,1,1,1,0,2,1,1,0,0,1,2,1,2,1,0,0,1,1,2,1,1,1,1,0,0
1094,17.0,0,0,0,1,1,1,1,0,1,1,0,1,2,2,1,1,1,0,0,0,0,2,1,1,1,0,1,1
1095,25.0,0,1,1,1,1,1,2,1,1,1,0,1,2,0,1,1,1,1,0,1,1,0,1,0,0,1,2,0
1096,24.0,0,1,1,1,1,1,1,1,1,1,1,2,2,0,2,1,1,1,0,1,1,1,0,1,0,1,0,0
1097,25.0,0,1,1,1,1,1,1,2,1,0,0,2,2,0,2,0,1,1,0,2,0,0,1,0,1,1,1,1
1098,16.0,0,1,0,1,1,0,0,2,0,1,1,1,3,2,0,2,1,1,0,0,1,1,1,1,1,1,1,1
1099,17.0,0,1,1,0,1,0,1,0,0,1,0,1,3,0,2,0,1,1,0,2,0,0,0,1,0,0,1,0
1100,21.0,1,1,0,1,1,1,0,0,1,0,1,1,3,0,2,2,0,0,1,0,0,2,1,1,1,0,0,1
1101,23.0,0,1,1,0,1,1,1,2,0,0,0,1,1,2,2,1,0,1,1,2,1,0,1,1,0,0,2,1
1102,29.0,1,1,1,0,0,0,1,0,1,1,1,1,3,1,1,1,1,0,0,2,0,2,0,1,0,1,1,1
1103,23.0,0,1,1,1,1,1,0,1,0,1,0,1,2,2,2,1,0,0,0,0,1,1,0,1,0,0,0,1
1104,20.0,0,0,1,1,1,1,1,2,0,0,0,1,1,2,0,1,1,1,1,2,1,2,0,1,1,1,0,0
1105,24.0,1,1,1,1,0,0,2,2,0,1,0,1,2,2,2,0,0,0,0,2,0,2,0,0,0,0,0,1
1106,28.0,1,0,1,1,1,1,1,2,1,1,0,2,4,2,1,2,1,0,1,1,1,2,0,1,0,1,0,0
1107,29.0,1,1,0,1,0,1,2,2,1,1,1,1,3,2,2,2,1,0,1,2,1,2,1,1,1,1,1,0
1108,30.0,0,1,1,1,1,1,1,1,1,1,1,2,0,0,1,2,0,1,1,2,1,1,0,1,1,0,0,0
1109,22.0,1,1,0,0,1,1,0,2,0,1,1,0,1,0,2,1,0,1,1,1,1,2,1,0,1,0,0,1
1110,23.0,0,0,0,1,1,0,1,0,1,1,0,0,3,2,2,1,0,0,0,1,0,2,0,1,1,0,2,0
1111,30.0,1,0,0,0,1,0,1,2,1,0,1,1,2,1,0,2,0,0,1,1,1,2,0,1,0,1,0,1
1112,29.0,0,1,0,1,1,1,0,1,1,0,0,1,2,0,2,2,1,1,1,1,1,0,0,1,1,1,1,1
1113,20.0,0,1,0,1,1,0,1,0,0,1,0,2,0,1,0,1,1,1,0,1,0,0,1,1,1,0,1,0
1114,27.0,0,1,0,0,0,1,2,2,1,1,1,1,4,2,1,2,0,1,0,1,0,0,0,0,1,0,2,0
1115,26.0,0,1,0,1,0,1,0,2,0,0,0,1,1,0,2,0,1,1,1,0,0,2,0,0,1,1,1,0
1116,26.0,1,1,1,0,0,1,2,0,1,1,1,2,1,0,2,1,0,1,0,0,1,1,0,1,0,1,2,0
1117,27.0,0,1,0,1,1,1,1,0,1,1,1,1,2,0,1,0,0,0,1,1,0,1,1,0,1,1,1,0
1118,20.0,0,1,1,1,0,1,0,1,0,1,0,1,0,0,0,2,0,1,1,2,0,0,0,1,0,0,1,1
1119,17.0,1,1,1,1,0,1,1,2,0,0,1,2,2,2,2,0,0,0,0,2,0,1,0,0,1,0,2,1
1120,23.0,0,1,0,1,1,0,2,2,0,1,1,2,4,0,2,2,1,1,0,1,1,0,0,1,1,1,1,1
1121,16.0,1,0,1,1,1,1,1,0,0,1,0,0,3,1,1,2,1,0,1,2,1,1,1,1,1,0,0,0
1122,29.0,1,1,1,1,1,1,0,2,1,1,0,1,0,2,2,2,1,0,1,0,1,1,1,1,0,1,2,1
1123,20.0,0,0,0,1,1,1,0,0,1,1,1,2,3,2,2,2,1,1,0,2,1,2,0,0,1,0,0,1
1124,22.0,0,1,0,0,1,1,2,1,1,1,1,2,2,2,1,2,0,0,1,0,0,2,0,1,0,1,0,1
1125,28.0,0,0,0,1,1,1,0,0,1,0,1,2,1,0,2,2,1,1,1,2,0,2,0,1,1,0,2,0
1126,29.0,1,1,1,0,1,1,1,2,0,0,1,1,4,2,1,2,0,1,1,2,0,0,1,1,0,1,2,1
1127,28.0,1,1,1,1,1,1,0,1,1,1,0,2,2,1,0,2,0,1,0,2,1,2,0,1,0,0,1,0
1128,24.0,1,0,1,1,1,1,1,1,1,0,1,2,2,2,2,0,0,0,0,2,0,1,1,0,0,0,0,1
1129,25.0,1,1,1,1,1,0,1,2,1,0,1,1,4,0,0,2,1,0,1,2,0,2,1,1,1,0,2,1
1130,30.0,1,0,1,1,1,1,1,0,0,1,1,2,1,0,2,0,0,1,1,2,0,2,0,1,0,0,0,0
1131,16.0,1,1,1,1,1,0,1,0,1,1,0,1,2,1,0,0,0,1,1,2,1,2,1,1,1,0,2,0
1132,21.0,1,1,0,1,1,1,1,2,1,0,1,2,2,1,2,0,0,1,1,1,1,0,0,0,1,0,1,0
1133,24.0,1,1,1,1,1,1,0,2,0,1,0,2,1,2,1,1,0,1,0,2,1,1,0,1,0,0,1,1
1134,17.0,1,1,0,1,1,0,1,2,1,1,0,1,3,1,2,2,1,0,1,2,1,1,0,0,1,1,2,0
1135,25.0,1,0,1,0,0,1,1,1,1,1,1,1,4,1,2,0,1,1,0,2,1,2,0,1,0,1,0,1
1136,30.0,0,1,1,1,1,0,0,1,0,1,0,0,0,0,2,0,0,0,1,1,0,1,0,0,0,1,0,0
1137,25.0,0,1,1,1,0,1,0,0,1,1,0,1,4,2,0,2,1,1,1,0,0,0,1,0,0,1,2,0
1138,17.0,0,1,1,1,1,1,1,2,1,1,0,2,3,0,1,1,1,0,0,0,1,2,0,1,0,0,1,0
1139,27.0,1,1,0,1,1,1,2,2,0,1,1,2,3,2,1,1,0,0,1,2,0,2,1,0,0,0,2,1
1140,23.0,1,1,0,1,0,1,2,0,1,1,0,1,3,1,2,2,0,0,1,1,0,2,1,0,1,1,2,1
1141,24.0,1,1,0,1,0,1,0,2,0,0,0,1,1,2,0,0,1,1,0,2,0,0,1,1,1,1,0,1
1142,21.0,0,1,1,1,1,1,2,1,1,1,0,0,4,2,1,2,0,1,1,2,0,2,1,0,0,1,0,0
1143,29.0,0,1,1,1,1,1,0,1,1,1,1,1,0,0,0,2,0,1,0,1,0,1,1,0,1,0,1,0
1144,27.0,1,1,0,0,0,1,1,1,0,1,1,2,0,2,0,0,0,0,1,0,0,1,1,1,1,0,2,1
1145,26.0,1,1,1,1,0,0,0,0,1,0,0,1,1,0,2,0,0,1,1,0,0,0,1,1,0,1,0,1
1146,22.0,1,1,0,0,1,0,2,0,1,0,0,2,3,0,2,1,0,1,0,0,1,1,1,0,0,0,1,0
1147,16.0,0,1,1,1,1,0,1,1,0,0,0,1,0,1,2,1,1,0,1,2,1,1,0,0,1,1,2,0
1148,27.0,0,1,0,1,0,1,0,2,1,0,1,0,0,0,0,1,0,1,1,1,0,1,1,1,0,0,1,1
1149,17.0,1,0,0,1,1,1,1,1,1,1,1,0,3,2,1,2,1,1,1,0,0,2,0,0,0,0,1,0
1150,28.0,1,1,1,0,1,1,0,0,1,1,1,1,3,1,0,0,1,0,1,1,0,0,1,1,0,1,0,0
1151,24.0,1,0,1,1,1,1,1,2,1,1,0,1,1,2,1,2,0,0,1,0,0,0,1,1,1,1,1,0
1152,24.0,0,1,0,0,0,0,1,0,1,1,1,1,1,0,0,0,1,0,0,2,0,1,0,0,1,0,2,1
1153,30.0,0,1,0,0,1,0,1,0,0,1,0,1,3,1,2,1,0,1,0,2,0,1,1,1,1,1,0,0
1154,22.0,0,0,1,1,0,1,1,2,1,0,0,2,2,2,0,0,0,1,0,1,1,1,0,1,1,1,1,0
1155,30.0,1,0,0,0,0,1,0,0,1,1,1,2,2,0,2,0,0,0,1,2,1,2,1,0,1,1,0,1
1156,25.0,1,1,0,1,1,1,1,1,1,1,1,2,0,2,0,0,1,0,1,0,1,0,1,0,1,1,1,0
1157,28.0,0,0,0,1,1,1,2,0,1,1,0,0,1,1,1,1,1,1,0,1,0,1,0,1,0,0,0,1
1158,28.0,0,1,1,1,1,1,0,0,1,0,0,0,2,2,1,1,0,1,1,2,1,1,0,1,0,1,2,1
1159,24.0,1,1,1,0,0,0,0,1,1,1,0,1,3,0,2,2,1,1,0,1,1,2,1,1,1,0,0,1
1160,28.0,0,0,0,1,1,1,0,2,1,1,1,2,4,1,2,0,0,1,1,1,1,2,0,0,1,1,2,1
1161,28.0,0,1,1,1,1,1,1,2,1,0,1,2,2,0,2,2,1,0,1,2,1,1,1,0,1,0,2,0
1162,28.0,0,1,0,1,1,1,1,0,0,1,0,1,0,0,0,0,1,0,1,0,1,2,1,1,0,1,1,0
1163,20.0,0,1,0,0,0,1,1,2,1,1,0,0,0,1,2,1,1,0,1,0,1,0,0,0,0,0,1,1
1164,25.0,1,0,0,0,1,1,2,2,0,1,0,1,0,1,0,0,0,0,0,1,1,0,1,1,0,0,0,0
1165,17.0,0,1,0,1,0,0,1,2,1,0,0,2,0,0,0,2,1,0,0,1,1,1,0,1,0,0,1,0
1166,21.0,1,1,1,0,0,0,0,2,1,0,0,2,1,0,0,1,1,0,0,1,0,0,1,1,0,1,1,1
1167,20.0,0,0,1,1,1,1,0,0,1,1,0,1,2,2,2,1,1,0,1,1,0,1,0,1,1,0,2,1
1168,25.0,1,1,1,1,0,1,2,2,0,0,0,2,4,0,1,1,0,1,0,0,1,0,1,0,1,0,0,1
1169,16.0,1,1,1,1,1,1,0,0,0,1,1,1,4,0,0,1,1,1,0,2,1,2,1,1,1,1,2,1
1170,26.0,0,1,0,0,0,0,1,2,0,1,1,0,2,2,1,2,1,1,1,1,0,0,0,0,1,0,1,0
1171,17.0,0,1,1,1,0,1,0,1,0,0,1,2,0,1,2,2,0,0,1,1,0,1,0,0,1,1,1,0
1172,29.0,0,0,0,1,1,1,0,0,1,1,0,1,3,2,0,2,0,0,1,2,1,2,0,0,1,0,1,0
1173,30.0,1,0,0,1,0,1,1,1,0,0,0,1,2,0,2,1,1,0,0,1,0,2,1,0,0,1,0,1
1174,30.0,0,0,1,0,1,0,0,0,1,0,0,1,1,2,0,2,1,1,0,0,1,0,0,0,1,1,1,1
1175,22.0,0,1,0,1,1,0,2,2,0,0,0,0,1,0,2,2,0,1,1,0,0,2,1,0,0,1,1,0
1176,29.0,0,1,1,1,0,1,1,0,1,0,0,1,2,0,0,0,0,0,0,0,1,2,1,0,0,1,1,1
1177,29.0,1,0,1,1,0,1,1,2,0,1,0,0,4,1,2,2,1,0,0,1,0,1,0,0,0,0,0,0
1178,22.0,1,1,0,1,1,0,1,1,1,1,1,2,0,0,0,2,1,0,1,0,0,2,0,1,0,1,0,0
1179,24.0,1,0,1,1,0,1,0,0,1,0,0,1,1,0,1,0,1,0,0,1,1,1,1,0,1,1,2,1
1180,30.0,1,1,1,1,1,0,1,1,0,1,1,0,4,0,2,0,1,0,0,1,1,0,1,0,0,1,1,1
1181,24.0,1,1,1,1,1,1,2,1,1,1,0,1,2,2,0,2,0,0,0,1,1,2,0,1,0,1,2,1
1182,26.0,1,1,1,0,1,1,0,1,1,1,0,2,0,1,0,0,0,1,1,2,0,1,1,0,1,0,2,0
1183,24.0,0,1,0,1,0,1,0,0,1,1,0,1,4,1,2,1,1,1,1,2,0,2,0,1,1,0,1,1
1184,25.0,1,1,0,1,1,0,0,1,0,1,1,0,1,0,1,0,0,1,1,2,1,0,0,0,0,1,2,0
1185,23.0,1,1,0,0,1,1,0,1,0,1,0,0,2,2,2,2,0,0,0,2,0,2,0,1,1,1,2,0
1186,20.0,0,1,1,1,1,0,1,1,1,1,0,2,1,2,2,2,1,0,0,0,1,1,0,0,1,1,2,0
1187,29.0,1,1,1,1,0,1,0,1,0,1,0,1,1,0,1,1,1,1,1,1,0,2,1,0,1,0,0,1
1188,30.0,0,0,0,1,1,1,0,1,1,1,0,0,2,2,0,2,0,0,1,2,1,0,0,0,0,0,0,0
1189,28.0,1,1,1,1,1,1,1,1,1,1,1,2,0,0,0,2,1,0,0,2,1,1,0,0,1,1,1,1
1190,17.0,0,1,0,0,1,1,1,1,0,0,1,0,3,0,1,1,1,1,1,1,0,0,0,1,1,0,1,1
1191,29.0,1,1,1,1,1,1,0,1,1,1,0,2,3,2,0,2,1,0,1,1,0,2,0,0,0,0,2,0
1192,29.0,1,1,1,1,1,1,2,1,1,1,1,1,2,2,2,1,0,0,0,2,1,2,1,0,1,0,0,0
1193,27.0,0,0,0,0,1,0,1,2,0,0,0,2,2,0,0,0,1,0,0,1,1,2,0,1,1,0,1,1
1194,26.0,0,1,1,0,1,1,0,0,1,1,0,1,1,0,0,2,1,1,0,0,1,2,0,1,1,0,2,0
1195,30.0,1,1,1,1,0,0,1,2,0,0,1,1,3,0,1,0,0,1,1,0,0,0,1,1,0,0,0,0
1196,25.0,1,1,0,0,1,0,1,2,1,0,0,2,3,0,0,1,1,1,0,1,0,2,1,0,1,0,2,1
1197,22.0,0,0,0,1,1,1,0,2,1,1,1,0,3,2,0,2,0,0,0,2,1,0,0,1,1,0,2,0
1198,29.0,0,1,0,1,1,1,1,1,1,1,1,0,3,1,1,2,1,0,0,0,1,2,0,0,0,1,2,0
1199,29.0,1,0,1,1,1,1,1,2,0,1,1,2,2,0,2,2,1,0,1,1,0,1,0,1,0,0,1,0
1200,23.0,1,1,0,1,1,1,0,1,1,1,0,2,2,2,2,0,0,1,0,0,0,1,1,0,1,0,2,1
1201,21.0,0,1,1,1,1,0,1,0,0,0,0,0,0,0,1,2,0,1,1,2,1,2,0,0,1,1,2,1
1202,29.0,1,1,1,1,0,1,0,2,0,1,0,0,1,1,0,1,1,0,1,2,0,2,0,1,1,0,0,1
1203,21.0,1,1,1,1,0,0,1,2,1,0,1,0,3,0,1,2,0,1,0,2,0,2,0,1,0,1,0,1
1204,24.0,0,1,0,1,1,1,2,2,0,0,0,0,4,1,0,1,1,0,1,1,0,1,1,1,0,1,2,1
1205,23.0,1,1,0,1,0,1,1,2,0,1,0,2,4,2,2,0,1,1,1,1,1,2,0,1,0,0,0,1
1206,30.0,0,0,0,0,1,1,1,1,0,1,0,0,2,2,0,0,1,1,1,1,1,2,1,1,0,0,0,1
1207,25.0,0,1,1,1,1,0,1,1,0,1,1,1,0,2,2,0,0,0,1,0,0,0,0,1,1,1,2,0
1208,24.0,1,0,1,0,1,0,0,2,1,0,0,2,4,0,2,2,0,1,1,0,1,2,1,0,1,0,0,0
1209,29.0,0,1,1,1,1,0,1,2,1,0,1,0,4,1,1,1,0,0,1,0,1,1,0,1,1,1,1,0
1210,25.0,1,1,0,1,1,1,1,2,1,0,0,1,4,2,2,0,1,1,1,0,1,2,0,0,0,1,2,0
1211,21.0,0,1,1,1,1,1,1,0,0,0,1,2,4,0,1,0,1,1,0,0,0,1,0,1,1,0,0,0
1212,21.0,0,1,0,0,1,0,0,0,1,1,0,2,3,0,1,0,0,1,1,2,1,0,0,1,1,0,1,1
1213,28.0,0,1,1,1,1,1,1,2,1,1,0,2,4,2,0,0,1,1,0,2,1,0,0,1,0,0,0,1
1214,29.0,1,1,0,0,1,0,0,2,0,1,1,0,3,1,2,2,0,1,1,0,1,0,1,0,0,1,0,1
1215,27.0,1,1,0,1,1,0,1,2,0,0,0,1,0,2,2,1,1,1,1,1,0,0,0,1,1,0,2,0
1216,25.0,0,0,0,0,1,0,0,2,0,0,1,1,2,0,0,2,1,0,0,1,0,2,1,0,0,1,2,1
1217,28.0,0,1,0,0,1,1,2,2,0,1,0,2,2,1,1,2,0,0,0,1,1,2,1,1,0,1,1,0
1218,22.0,0,0,1,1,0,1,0,0,1,1,0,0,2,1,0,0,0,1,0,0,1,2,0,1,1,0,1,1
1219,20.0,0,1,1,0,1,1,1,0,0,1,0,1,4,2,2,2,1,1,1,1,1,1,1,1,1,0,2,0
1220,27.0,1,0,0,1,0,0,1,2,1,0,1,1,2,2,0,2,1,1,1,1,1,1,0,1,1,0,0,1
1221,17.0,1,0,1,1,1,1,1,2,1,1,1,1,1,1,0,1,1,0,0,1,1,0,1,0,0,1,2,0
1222,24.0,0,0,1,1,1,0,1,0,0,1,0,0,2,2,0,2,1,1,1,1,1,2,0,1,1,1,0,0
1223,24.0,1,1,0,1,1,1,0,2,0,0,0,1,4,2,1,0,1,0,0,0,1,1,0,0,1,1,1,0
1224,20.0,0,1,1,1,1,1,0,1,1,0,1,1,1,0,2,2,0,0,0,0,1,0,0,0,0,0,2,1
1225,28.0,1,1,1,1,1,1,1,0,1,0,0,0,2,1,0,1,1,1,0,2,1,2,0,0,1,0,1,0
1226,17.0,0,1,0,1,0,1,1,1,1,1,1,1,2,1,2,0,1,0,0,0,0,2,1,1,1,0,2,0
1227,28.0,1,0,1,1,0,0,1,0,0,0,1,2,3,0,1,0,1,1,0,2,1,2,0,1,1,0,2,0
1228,27.0,0,1,0,1,1,1,1,0,1,1,0,2,4,1,2,2,0,0,1,0,0,1,0,0,1,0,0,1
1229,17.0,1,1,0,0,0,0,2,1,1,1,0,1,1,0,2,2,1,1,0,2,1,0,1,1,0,1,1,0
1230,22.0,0,1,1,1,0,1,1,1,1,1,0,1,3,2,0,0,0,1,1,1,0,1,1,1,0,1,1,0
1231,28.0,1,1,0,1,1,0,0,0,0,1,0,2,3,2,2,2,0,1,1,1,0,2,0,1,0,0,0,0
1232,29.0,1,1,0,1,1,1,1,1,1,1,0,0,1,1,2,0,1,0,0,2,1,1,0,1,1,1,1,0
1233,28.0,0,1,0,1,1,0,1,0,0,0,0,2,4,2,0,2,0,1,0,1,0,1,1,1,1,1,1,0
1234,17.0,1,1,1,0,1,0,2,2,1,1,1,2,3,1,1,0,0,0,1,0,0,2,1,1,1,1,2,0
1235,16.0,1,1,1,0,1,1,1,0,0,1,0,0,2,2,2,0,0,0,1,1,1,0,1,1,1,1,0,0
1236,21.0,0,1,1,1,0,0,0,2,1,1,0,0,3,2,2,1,1,1,1,2,0,2,0,1,1,0,2,0
1237,25.0,1,1,1,0,1,1,0,0,1,1,1,1,2,2,0,1,0,1,1,2,1,2,1,0,0,0,1,0
1238,28.0,0,0,1,1,1,1,1,2,1,1,1,2,4,1,1,2,1,0,1,0,1,2,0,0,1,1,0,0
1239,27.0,1,0,1,1,1,1,2,2,1,1,1,0,2,1,1,0,0,1,1,0,0,2,1,1,0,1,0,0
1240,21.0,1,1,0,0,0,1,0,2,1,1,0,2,4,1,0,2,1,0,1,1,0,1,0,0,1,1,0,1
1241,28.0,0,1,1,1,1,1,1,1,1,0,1,0,2,1,2,0,0,0,0,1,0,1,0,0,1,0,1,0
1242,27.0,1,1,1,0,0,1,1,0,1,1,1,1,2,2,1,2,0,0,0,2,0,0,0,1,0,0,0,1
1243,27.0,0,1,1,1,0,1,0,2,1,1,1,2,4,0,1,0,0,0,0,1,1,1,1,0,0,1,1,1
1244,23.0,1,0,0,1,0,0,1,0,0,1,1,2,4,1,2,0,1,0,1,0,0,2,1,1,0,0,1,0
1245,22.0,1,1,1,1,1,1,2,2,0,1,0,1,2,1,2,1,1,1,0,2,1,2,1,1,1,1,0,0
1246,16.0,0,1,1,1,1,1,1,1,0,0,0,0,3,1,2,0,1,1,0,0,0,0,1,1,1,0,0,0
1247,24.0,1,1,1,1,0,1,0,2,0,0,0,2,3,1,0,0,1,0,1,2,0,1,0,0,1,1,1,1
1248,28.0,0,1,1,1,0,1,1,1,1,1,0,2,1,2,1,2,1,0,1,1,1,1,0,0,0,0,0,1
1249,30.0,1,0,1,1,1,1,1,1,1,1,0,2,2,0,2,1,1,0,0,2,0,2,1,1,0,0,0,0
1250,25.0,1,1,0,0,0,1,1,2,1,0,0,2,0,2,1,1,1,0,0,0,1,1,1,0,1,1,2,1
1251,22.0,0,1,0,1,1,0,0,0,1,1,1,0,2,0,2,2,1,0,0,0,0,0,0,0,0,1,1,0
1252,25.0,0,1,0,1,1,0,1,1,1,1,0,2,0,1,0,1,1,0,1,2,1,2,1,0,1,1,1,0
1253,21.0,1,1,0,1,1,0,1,2,1,0,1,2,4,2,0,0,0,1,1,2,0,2,0,1,0,0,0,0
1254,26.0,1,1,0,0,1,1,0,1,1,1,0,2,0,2,1,2,0,1,0,1,0,0,0,0,1,0,0,1
1255,26.0,0,1,1,1,1,1,1,1,0,1,0,2,2,1,0,0,0,1,0,2,0,0,0,1,1,0,0,1
1256,23.0,1,0,0,1,1,1,1,0,1,1,1,2,2,0,2,2,0,1,0,2,0,0,0,0,0,0,1,0
1257,24.0,0,0,0,1,1,0,0,0,1,0,0,2,2,0,1,1,1,1,1,0,0,1,1,0,1,1,2,0
1258,21.0,0,1,1,1,1,1,1,2,1,1,1,1,2,0,2,0,1,0,1,2,0,2,0,1,1,1,1,1
1259,25.0,0,1,0,0,1,1,2,1,0,0,1,2,2,0,2,0,0,0,1,1,1,0,0,1,1,0,0,0
1260,16.0,0,0,1,1,1,0,1,0,0,1,0,0,4,1,2,1,0,1,0,2,0,0,0,0,0,1,0,1
1261,25.0,1,1,1,0,1,1,0,1,0,0,0,2,3,1,0,2,1,1,0,2,0,2,1,0,1,0,0,0
1262,17.0,1,1,1,1,0,1,0,1,1,0,0,2,4,0,0,0,0,1,0,2,1,1,1,1,0,1,2,1
1263,17.0,0,1,1,0,0,1,2,1,0,0,1,1,1,2,2,2,1,1,1,2,0,2,1,1,0,0,2,0
1264,23.0,0,1,0,1,1,0,2,2,1,0,1,2,4,0,1,1,0,1,0,0,1,2,0,1,0,1,1,1
1265,16.0,0,1,0,1,1,0,0,0,1,1,1,0,0,2,1,0,1,0,1,1,1,0,1,1,0,1,0,1
1266,24.0,0,1,0,1,0,1,1,2,1,1,0,2,0,2,0,0,1,1,1,1,0,0,0,0,0,1,0,0
1267,17.0,1,1,1,0,1,0,1,1,0,0,1,0,3,1,1,0,1,1,1,0,1,2,1,1,1,0,1,0
1268,30.0,0,1,1,0,1,1,1,2,1,0,0,2,4,1,0,2,0,1,0,0,0,1,1,1,0,0,0,1
1269,23.0,0,1,0,1,1,0,0,0,1,1,0,2,3,2,2,2,1,0,1,1,1,2,0,0,1,1,2,1
1270,27.0,0,1,0,1,1,1,0,2,0,0,0,2,3,2,2,1,1,0,0,0,1,0,1,0,1,1,1,1
1271,23.0,1,1,1,1,1,0,0,0,0,0,0,1,2,0,0,1,1,1,0,0,1,2,1,0,0,1,2,0
1272,23.0,0,1,1,1,1,1,1,1,1,0,0,2,4,0,0,1,0,1,1,2,0,0,1,0,0,0,1,1
1273,25.0,1,1,0,1,1,1,0,1,1,0,1,2,4,0,2,0,1,0,1,0,0,0,0,1,0,0,1,0
1274,26.0,0,1,1,1,0,1,1,2,1,1,1,2,2,2,1,0,0,1,0,0,1,0,1,1,1,0,0,0
1275,16.0,1,1,0,0,1,1,0,0,1,0,1,0,2,0,0,1,1,1,0,0,0,0,0,1,1,0,0,0
1276,25.0,1,1,0,1,1,0,2,1,1,1,0,0,1,0,0,0,1,1,1,1,1,1,1,1,1,1,0,0
1277,25.0,0,1,0,1,1,1,0,0,1,1,0,2,4,2,1,2,0,0,0,1,0,0,0,1,1,0,1,0
1278,24.0,1,1,0,0,1,1,0,2,1,0,1,1,4,2,2,2,0,0,1,2,0,2,0,1,1,0,2,0
1279,23.0,1,0,0,0,1,0,1,2,1,1,1,1,0,0,0,1,1,0,1,0,1,2,1,1,1,1,1,1
1280,17.0,1,1,1,1,1,0,0,2,1,0,1,0,0,0,0,1,1,1,1,2,1,0,1,1,1,1,0,0
1281,26.0,1,1,1,0,1,0,2,2,0,0,0,0,1,0,2,1,1,1,0,2,1,0,1,1,0,0,0,1
1282,20.0,0,1,1,0,1,1,2,2,0,0,1,2,2,2,1,2,0,0,1,0,0,0,0,1,1,1,2,1
1283,24.0,1,1,0,1,1,0,0,0,1,1,0,2,1,2,1,2,0,1,1,1,1,0,0,1,0,0,1,0
1284,28.0,0,1,0,1,1,1,0,2,1,1,1,1,2,2,2,1,1,1,0,0,0,2,1,1,0,1,2,0
1285,17.0,1,0,0,1,1,1,2,1,1,1,0,1,1,0,1,0,0,0,0,2,1,0,0,0,1,1,2,0
1286,29.0,0,1,1,1,1,1,0,0,1,1,1,1,1,0,2,0,1,0,0,1,0,2,0,0,1,0,0,0
1287,24.0,0,1,1,0,1,1,0,1,1,0,1,2,1,1,1,2,0,1,0,1,1,0,1,1,0,1,1,0
1288,27.0,0,1,0,1,1,0,0,1,0,0,0,2,3,0,2,0,0,1,0,0,1,1,0,1,1,0,0,0
1289,30.0,1,1,1,0,1,0,0,1,1,1,0,2,3,2,2,2,0,1,1,0,0,1,1,1,1,0,0,0
1290,25.0,0,0,0,1,1,0,0,0,1,0,1,2,0,2,0,2,1,0,1,2,1,2,1,1,1,1,1,0
1291,28.0,0,0,1,1,0,0,1,2,0,0,0,2,0,0,2,2,0,1,0,2,1,1,0,1,1,1,1,0
1292,23.0,1,1,0,1,1,1,0,2,1,1,0,0,0,2,2,2,0,1,0,0,0,1,1,0,0,1,0,1
1293,22.0,0,1,0,1,1,1,1,0,0,1,0,2,0,2,2,1,0,1,1,0,1,1,1,0,0,0,0,0
1294,23.0,1,1,1,1,1,1,1,1,0,0,0,2,2,2,2,0,0,1,0,2,0,1,1,1,0,0,2,0
1295,25.0,0,1,1,0,0,1,0,1,1,1,1,2,3,2,0,1,0,0,1,0,0,2,0,0,1,1,1,0
1296,25.0,1,0,0,1,1,1,1,2,1,1,0,2,4,2,0,2,1,1,1,1,1,2,0,1,0,0,1,0
1297,16.0,1,0,1,1,0,0,1,2,0,1,1,2,1,2,0,1,0,1,0,0,0,1,1,0,1,1,0,0
1298,23.0,0,0,1,1,1,1,0,0,1,1,0,1,4,0,0,1,1,1,1,2,1,1,1,0,0,0,1,1
1299,27.0,1,1,0,1,1,1,2,0,1,1,0,1,0,2,1,1,1,0,1,1,1,1,0,0,0,1,0,1
1300,26.0,1,0,1,1,1,0,1,2,1,1,1,2,0,2,0,0,1,0,0,0,1,0,0,1,1,1,2,1
1301,29.0,1,1,1,1,0,0,2,0,0,1,1,1,4,0,0,1,1,0,1,1,1,2,1,0,0,0,0,0
1302,30.0,1,1,1,1,1,1,1,1,1,1,0,1,0,2,1,1,1,1,0,2,1,2,1,1,1,0,1,1
1303,26.0,0,1,1,1,1,1,0,2,1,0,0,2,1,0,1,1,1,1,1,2,1,1,0,0,1,1,1,0
1304,20.0,0,1,0,1,0,1,2,2,1,0,0,2,2,1,2,2,1,0,1,0,1,2,1,1,0,1,1,1
1305,24.0,0,1,1,1,0,1,0,2,1,1,0,2,3,0,1,0,1,0,0,2,1,0,1,0,0,1,2,0
1306,16.0,0,1,0,0,1,1,0,2,1,1,0,2,0,0,0,0,1,0,1,1,0,0,1,1,1,1,2,1
1307,24.0,1,0,1,1,1,0,2,1,1,1,1,1,2,1,0,2,1,1,0,2,1,2,0,0,1,1,0,0
1308,24.0,0,1,0,0,1,1,0,2,0,0,0,0,0,2,0,0,1,0,1,0,0,2,1,0,1,0,2,1
1309,22.0,0,1,1,1,1,0,1,0,1,1,0,0,4,1,2,0,1,0,0,1,0,2,0,0,0,1,2,0
1310,30.0,0,0,0,1,1,1,1,2,0,0,0,1,3,0,2,2,0,1,1,1,1,0,1,0,1,0,1,0
1311,23.0,1,0,0,1,1,1,1,1,1,1,0,0,2,0,2,1,0,0,0,2,0,0,1,1,1,0,1,0
1312,25.0,0,1,1,1,1,0,1,0,1,1,0,2,4,0,1,1,0,1,1,1,1,1,1,1,1,1,1,0
1313,24.0,0,1,0,0,1,1,2,2,0,1,0,1,1,0,1,2,0,0,1,2,0,0,1,0,1,1,2,0
1314,28.0,0,1,0,1,1,1,1,2,1,1,1,2,4,0,1,2,0,1,1,0,1,2,1,0,1,0,1,0
1315,28.0,1,1,1,1,1,1,1,0,1,1,0,1,1,0,0,2,0,1,1,0,1,1,0,1,0,0,1,1
1316,28.0,1,1,1,1,0,0,0,0,0,0,0,2,1,0,0,2,0,1,0,2,1,2,0,1,1,0,1,0
1317,29.0,1,0,0,1,1,0,0,1,1,1,0,1,0,1,0,0,1,0,1,0,1,1,1,0,1,1,0,0
1318,20.0,0,1,0,1,0,1,0,2,1,1,0,2,0,2,2,2,1,0,0,0,0,0,1,1,0,1,2,0
1319,21.0,1,0,0,1,0,1,0,2,1,0,1,1,3,2,1,1,1,0,1,1,1,1,1,0,1,0,0,1
1320,28.0,1,0,1,0,1,1,0,0,1,1,1,2,2,0,0,2,1,0,1,1,0,2,0,1,1,1,1,0
1321,27.0,0,1,1,1,0,1,2,2,1,1,0,1,3,1,1,1,1,0,1,2,1,0,1,1,1,0,0,1
1322,29.0,1,0,1,1,1,1,0,0,0,0,1,2,3,1,0,0,1,0,0,2,1,2,1,1,0,0,0,0
1323,22.0,0,1,0,1,1,1,1,1,1,0,1,2,0,0,2,1,1,0,1,0,1,2,1,1,0,0,2,0
1324,24.0,0,1,0,1,1,1,0,0,0,0,0,0,3,0,1,0,1,1,1,0,0,2,1,1,1,1,2,1
1325,17.0,1,1,1,0,1,0,0,2,1,1,0,1,4,0,0,2,1,0,0,0,0,0,1,1,1,1,0,0
1326,26.0,1,1,1,1,1,0,1,1,0,1,1,2,3,0,2,1,1,1,1,0,1,2,0,1,0,0,2,0
1327,26.0,0,0,1,0,0,1,0,1,0,1,0,1,4,1,2,0,0,1,0,0,0,1,0,0,1,1,1,1
1328,17.0,1,1,0,1,1,1,1,2,1,1,1,1,2,0,2,1,0,1,1,0,0,0,1,0,0,0,2,0
1329,28.0,0,1,1,1,1,0,1,0,1,0,0,0,4,1,0,1,1,1,1,1,1,0,0,1,1,1,2,1
1330,16.0,1,0,1,1,1,1,2,0,1,1,1,0,2,1,0,1,0,1,0,2,1,0,1,1,1,1,2,1
1331,28.0,1,1,1,1,1,0,2,2,0,1,1,0,4,0,0,2,0,1,0,2,1,2,0,0,0,0,0,0
1332,17.0,1,1,0,1,0,1,0,2,0,1,1,2,1,2,1,0,1,1,1,1,0,1,0,0,0,1,2,0
1333,24.0,1,0,1,0,1,0,1,2,0,0,0,1,4,1,0,2,1,1,0,2,1,2,1,0,0,1,1,0
1334,27.0,1,1,1,0,0,0,0,1,0,1,0,0,1,2,1,2,1,1,0,1,0,0,0,1,0,1,0,1
1335,26.0,1,1,0,0,1,1,2,1,1,1,1,0,2,1,2,2,1,0,0,2,1,0,1,0,0,0,2,0
1336,28.0,1,1,0,0,0,1,1,0,1,1,1,1,4,1,1,1,0,1,1,1,1,1,1,1,1,1,0,1
1337,22.0,1,0,1,1,0,1,2,2,1,1,0,2,0,2,0,1,1,0,1,1,1,0,0,1,1,0,2,1
1338,26.0,1,1,0,1,1,1,0,2,1,1,0,2,3,1,0,1,1,1,1,2,0,2,0,0,1,0,1,0
1339,26.0,0,1,0,0,1,1,2,0,1,1,1,2,4,1,1,1,1,1,0,0,1,1,0,1,1,1,2,1
1340,22.0,1,1,1,1,1,0,0,2,1,1,1,1,0,0,2,2,0,0,1,2,1,0,0,1,1,0,0,1
1341,29.0,1,1,1,1,0,1,0,1,1,0,0,0,3,2,2,2,1,0,0,0,1,2,1,1,0,1,0,1
1342,27.0,1,1,1,0,1,1,1,1,0,1,0,2,0,2,1,2,1,1,0,2,0,2,1,0,1,0,1,1
1343,21.0,1,1,0,1,1,1,1,1,0,1,1,2,0,0,2,0,0,0,1,0,1,2,1,1,0,1,0,0
1344,23.0,0,1,1,0,1,1,1,0,1,1,1,2,4,0,0,0,1,1,1,0,1,1,0,0,1,0,1,0
1345,16.0,1,1,1,1,0,1,0,0,1,0,1,0,4,2,0,1,0,0,1,1,0,2,0,0,1,1,0,1
1346,30.0,1,1,0,1,1,0,0,1,0,1,0,1,0,1,1,0,0,1,0,0,0,0,0,1,0,0,1,0
1347,28.0,0,1,1,1,1,1,0,2,1,0,0,0,2,2,2,0,0,0,0,1,0,2,1,0,1,1,1,1
1348,16.0,0,0,1,0,0,1,1,1,0,0,1,2,0,1,2,1,1,0,1,1,1,2,0,1,1,1,0,0
1349,30.0,0,0,0,1,1,1,1,0,0,1,1,0,2,2,2,1,0,1,0,1,0,1,0,1,0,1,0,1
1350,20.0,0,1,0,1,1,1,1,2,1,1,0,0,0,2,0,1,1,0,1,2,1,1,0,1,0,0,0,0
1351,25.0,0,1,1,1,1,1,0,0,1,0,1,2,3,1,0,1,1,0,0,0,0,2,1,0,1,1,2,0
1352,29.0,0,1,1,1,1,1,0,0,1,1,0,2,3,2,2,2,1,0,1,1,0,1,1,0,1,1,2,1
1353,26.0,0,1,0,1,1,1,2,2,1,1,0,1,3,0,1,0,1,1,0,1,0,0,1,0,0,0,1,0
1354,21.0,1,0,1,1,0,1,0,0,1,0,1,1,3,0,0,2,1,0,1,0,0,1,1,0,1,1,2,0
1355,29.0,0,1,0,0,1,1,0,1,1,1,1,1,2,2,1,2,0,0,1,0,1,0,0,1,1,0,2,0
1356,23.0,1,1,0,1,1,0,0,0,0,1,1,1,2,2,2,0,1,1,1,2,0,2,0,1,1,0,1,0
1357,16.0,1,1,0,0,0,0,1,0,0,1,0,2,4,0,1,2,0,1,1,2,0,2,0,0,0,0,0,1
1358,21.0,0,1,1,1,0,0,0,1,1,1,1,2,4,2,1,0,0,0,0,1,0,0,1,0,1,0,2,1
1359,27.0,0,1,1,0,1,1,2,2,1,1,1,2,0,0,0,1,0,0,1,0,1,1,1,1,0,0,1,1
1360,22.0,1,1,0,1,1,1,1,2,0,0,0,1,0,2,2,1,0,0,1,2,1,0,0,1,1,0,2,0
1361,30.0,1,1,1,1,1,1,0,0,1,0,1,1,4,1,2,2,0,0,1,0,1,0,0,0,0,0,1,0
1362,28.0,0,1,1,1,0,1,2,2,0,1,0,0,3,2,2,1,1,0,1,0,1,0,1,1,0,0,2,1
1363,17.0,1,1,0,1,1,0,1,2,0,1,0,1,1,2,2,0,0,0,0,1,1,0,0,0,1,0,1,1
1364,16.0,1,1,1,0,0,1,0,2,1,1,0,1,1,2,2,1,0,1,0,2,0,2,0,1,0,0,1,1
1365,16.0,1,1,1,0,0,1,0,2,0,0,0,2,2,1,2,0,1,1,0,1,1,1,1,1,0,1,1,0
1366,21.0,0,1,1,1,1,1,0,0,0,1,1,0,1,1,0,0,1,0,1,2,1,0,1,0,0,0,1,1
1367,23.0,0,0,1,0,0,1,0,2,0,1,1,0,2,0,2,2,0,0,0,0,0,0,1,1,1,0,0,0
1368,22.0,1,1,0,0,0,0,1,0,1,1,1,1,0,0,1,0,0,1,1,2,0,0,0,0,0,1,1,0
1369,21.0,0,1,0,1,1,0,1,2,0,1,0,0,4,2,2,2,1,1,0,1,0,1,1,1,0,0,2,0
1370,17.0,0,1,1,1,1,1,2,1,1,1,0,2,2,2,2,1,1,0,0,2,1,0,1,0,1,0,1,1
1371,23.0,1,1,1,1,0,1,0,0,1,0,0,0,4,1,2,1,0,1,0,0,0,2,1,1,1,1,2,1
1372,24.0,0,1,0,0,1,1,1,1,1,1,1,2,4,0,0,2,0,0,0,1,1,1,1,0,0,0,2,0
1373,17.0,0,1,1,1,0,1,0,0,0,1,1,1,1,2,1,2,1,0,0,1,0,0,1,1,1,1,1,0
1374,23.0,1,1,1,1,1,1,1,2,1,1,1,2,3,0,2,2,0,1,0,0,0,2,1,1,1,1,1,0
1375,27.0,1,1,1,0,1,1,0,0,1,1,0,2,0,0,1,1,0,1,1,0,0,0,0,0,0,0,2,1
1376,22.0,1,1,1,1,1,1,1,2,1,1,0,2,2,1,0,2,0,1,1,2,1,1,1,1,0,1,0,0
1377,23.0,1,1,0,1,1,1,1,1,1,1,0,1,0,1,2,1,1,0,0,2,1,2,0,1,0,1,2,0
1378,23.0,0,1,1,0,1,1,2,0,1,0,0,2,2,2,2,0,0,0,0,0,0,1,1,0,0,1,2,0
1379,29.0,1,1,0,0,0,0,0,1,1,1,1,0,2,0,0,2,0,1,0,0,1,1,1,1,0,0,1,0
1380,22.0,0,1,0,0,1,1,0,1,1,1,0,2,0,0,1,2,1,0,1,1,0,2,1,1,1,0,1,0
1381,25.0,1,1,1,0,1,0,1,1,1,1,1,1,4,0,2,2,0,0,1,0,0,0,0,0,1,1,2,0
1382,27.0,1,0,1,1,1,1,2,0,0,1,1,2,2,2,1,0,1,1,0,0,1,1,0,0,0,0,1,1
1383,28.0,1,0,0,1,1,1,1,1,1,1,0,1,1,0,2,2,1,1,0,2,0,1,0,0,1,1,1,0
1384,28.0,0,1,1,0,1,1,2,1,0,1,0,1,0,2,2,1,1,0,0,1,0,2,0,1,0,0,2,1
1385,24.0,1,0,1,1,0,1,0,1,0,1,1,1,1,2,2,0,1,1,1,2,1,0,1,0,0,0,2,0
1386,21.0,1,1,0,1,1,0,1,1,0,1,0,1,1,0,0,1,1,0,0,2,0,2,1,0,1,0,1,0
1387,30.0,1,1,0,1,1,1,1,1,0,0,1,1,2,1,0,0,1,1,1,2,1,1,1,0,0,1,0,0
1388,24.0,1,0,1,0,1,1,1,1,1,1,1,1,0,2,2,2,1,1,1,0,0,2,1,1,1,1,0,1
1389,29.0,1,1,0,1,0,0,0,1,1,1,0,1,2,2,1,0,1,1,0,0,1,1,1,0,0,0,1,1
1390,27.0,0,1,0,1,1,1,2,1,0,1,0,1,0,2,0,2,1,1,1,0,1,0,0,0,1,0,2,0
1391,25.0,1,1,1,1,1,0,0,1,0,1,1,0,3,1,2,1,1,0,0,1,0,1,1,0,0,1,2,1
1392,30.0,1,1,1,1,1,1,0,2,0,1,0,2,0,0,2,0,1,1,1,2,0,0,0,0,1,1,1,1
1393,20.0,0,1,1,0,1,1,1,0,0,1,0,2,2,2,0,1,1,1,1,1,0,0,1,1,1,1,2,1
1394,23.0,0,1,0,1,1,1,0,2,1,1,0,1,3,2,2,0,1,1,1,2,0,2,0,0,1,1,0,1
1395,16.0,1,1,0,0,1,1,0,2,0,0,1,2,4,0,1,0,1,1,0,1,0,2,0,1,1,0,0,1
1396,26.0,1,1,0,1,1,0,0,2,0,1,1,2,1,2,1,2,0,0,1,2,1,1,0,1,1,1,1,0
1397,30.0,1,1,1,1,1,0,0,1,1,1,0,1,2,0,1,1,0,1,1,0,0,0,1,1,1,0,1,0
1398,21.0,0,1,0,1,1,1,2,2,1,1,1,0,0,1,2,0,1,0,1,0,0,1,1,1,1,0,0,1
1399,20.0,0,1,0,1,0,0,0,1,1,1,1,1,0,1,0,0,1,1,1,0,1,1,0,1,1,1,1,1
1400,28.0,0,1,0,1,0,1,0,0,1,1,1,1,2,2,1,0,0,0,0,2,1,2,1,0,1,1,1,1
1401,23.0,1,0,1,0,1,1,0,2,1,1,0,1,2,0,1,1,0,1,0,0,1,2,1,1,1,1,2,0
1402,27.0,0,1,1,1,1,0,1,2,1,0,0,2,1,2,1,0,1,1,0,2,0,2,1,1,1,0,0,0
1403,21.0,1,1,0,1,0,1,2,2,1,1,1,2,0,2,1,2,0,0,1,1,1,2,1,0,1,0,1,1
1404,24.0,1,1,0,1,1,0,0,2,1,0,0,1,0,1,2,0,1,0,1,0,1,1,0,0,1,0,0,0
1405,28.0,0,1,0,1,1,1,0,1,1,0,0,0,2,2,1,0,0,1,0,0,0,1,1,1,0,0,0,1
1406,22.0,0,1,0,1,0,1,1,1,1,1,0,0,4,0,0,1,1,0,1,1,0,1,1,1,1,0,1,0
1407,22.0,1,1,1,1,0,1,1,2,1,0,0,1,4,1,1,2,1,0,1,0,1,1,0,0,1,0,1,1
1408,16.0,1,0,1,1,0,0,0,2,0,1,1,1,3,1,2,1,0,1,1,2,0,1,1,0,0,1,2,1
1409,23.0,1,1,0,1,0,1,2,2,1,0,0,2,2,1,1,0,1,0,0,1,0,0,1,1,0,0,2,1
1410,27.0,0,0,0,0,1,1,1,0,1,1,1,2,2,1,2,2,1,1,1,2,1,1,0,0,1,1,0,0
1411,26.0,0,1,0,1,1,1,1,0,0,1,1,1,0,1,2,1,1,1,1,2,1,0,0,0,1,1,2,1
1412,26.0,0,1,0,1,1,0,1,2,1,1,0,2,4,1,0,2,0,1,0,2,0,1,0,1,0,0,0,1
1413,21.0,0,0,0,1,1,1,1,2,1,0,1,1,1,0,1,1,1,1,0,0,0,2,0,0,1,0,2,1
1414,23.0,1,1,1,1,1,1,2,2,0,1,0,1,2,1,1,1,1,0,1,0,1,2,1,0,1,0,2,0
1415,26.0,1,0,1,1,0,1,1,2,1,0,0,1,4,1,1,1,0,0,0,1,1,2,0,1,1,0,2,1
1416,27.0,1,1,0,0,1,1,1,2,1,1,1,0,2,2,1,1,0,0,0,0,1,0,1,0,0,0,1,1
1417,29.0,0,1,0,0,1,1,0,0,1,0,1,2,4,0,2,2,1,1,0,1,1,1,1,1,0,1,0,1
1418,26.0,1,1,1,0,0,1,0,0,1,1,1,1,2,2,1,2,1,1,1,2,1,0,1,1,1,1,1,1
1419,23.0,1,1,0,0,1,1,1,2,1,1,0,1,1,0,2,0,0,1,1,1,0,1,1,0,0,0,2,0
1420,22.0,1,1,1,1,1,1,2,2,1,0,0,2,2,1,2,0,1,1,1,0,1,2,0,0,0,1,1,0
1421,23.0,1,1,1,1,1,0,1,0,1,1,0,2,3,0,2,2,1,1,0,1,0,2,1,1,1,1,1,1
1422,16.0,1,1,1,1,1,1,0,2,1,1,0,2,1,2,1,2,0,1,0,2,1,0,1,1,1,0,0,1
1423,30.0,1,0,1,0,1,1,2,1,1,1,1,0,4,0,1,0,0,1,1,1,1,2,1,1,0,0,2,0
1424,26.0,0,1,1,1,1,0,1,0,1,1,1,1,1,1,0,2,0,0,1,2,0,1,1,0,1,0,2,0
1425,26.0,0,1,1,1,1,1,1,1,1,1,0,2,1,2,0,2,1,1,1,1,1,2,1,0,1,0,2,0
1426,28.0,0,0,0,1,1,1,0,0,0,0,0,0,0,2,1,0,0,1,1,2,1,0,1,0,0,1,0,1
1427,22.0,1,1,0,1,0,0,0,0,1,0,1,2,3,1,0,0,0,1,0,1,0,2,1,1,0,0,1,0
1428,24.0,0,1,1,0,1,1,2,1,0,1,0,2,3,2,0,1,0,1,0,1,1,2,1,0,1,1,0,0
1429,27.0,1,0,1,1,1,0,1,1,1,1,0,2,1,0,0,2,1,1,1,1,0,0,1,0,0,0,1,1
1430,26.0,0,1,1,0,1,1,1,0,1,0,1,2,4,1,2,2,1,0,0,2,1,2,1,0,1,0,1,0
1431,21.0,1,1,1,1,1,1,1,1,0,1,0,0,0,2,0,2,0,1,0,2,0,0,1,0,0,0,0,0
1432,22.0,0,1,0,1,1,1,0,0,1,0,1,0,2,0,0,1,0,0,1,0,1,1,0,1,1,1,2,1
1433,24.0,0,1,1,0,1,1,1,2,1,1,0,0,0,0,2,2,0,0,1,2,1,0,1,0,1,1,0,1
1434,30.0,1,0,0,1,1,1,1,0,0,1,1,0,1,1,2,1,1,0,1,0,0,0,0,1,0,0,2,0
1435,17.0,0,1,1,0,1,1,1,2,1,1,0,0,4,2,0,0,1,1,0,1,0,1,1,1,0,1,0,0
1436,27.0,0,1,1,0,1,1,1,0,0,1,0,2,1,1,0,1,0,0,0,2,1,1,1,1,0,1,2,1
1437,29.0,0,1,0,1,1,0,1,2,1,1,0,0,2,2,2,0,0,1,0,0,0,0,0,1,0,0,2,1
1438,30.0,1,1,1,1,1,1,1,2,1,0,0,2,4,0,2,1,1,0,0,2,1,1,0,1,1,0,0,0
1439,27.0,1,1,1,1,1,1,0,2,1,1,1,2,0,0,1,0,0,0,1,0,1,0,0,1,0,0,1,0
1440,22.0,0,0,1,1,0,1,1,1,1,1,1,1,2,2,1,0,1,1,1,1,1,2,1,1,1,1,0,1
1441,17.0,1,0,1,1,1,1,1,0,1,0,0,1,2,1,2,2,0,1,1,0,0,0,1,1,0,0,1,1
1442,28.0,0,1,1,1,1,1,0,2,0,1,1,2,3,1,2,1,1,0,1,1,0,1,0,0,1,0,2,1
1443,17.0,0,1,0,0,1,1,0,0,1,1,1,1,2,2,0,0,0,1,1,1,1,0,1,0,1,1,1,0
1444,30.0,1,1,0,0,1,1,1,2,1,0,0,1,2,1,0,1,0,0,1,0,1,0,0,0,0,0,0,0
1445,25.0,1,0,0,1,1,1,0,1,1,0,0,2,1,1,2,1,1,1,1,0,0,2,1,1,0,0,1,0
1446,17.0,0,1,0,0,1,1,0,2,0,1,0,1,2,2,0,0,1,0,1,2,1,0,0,0,0,0,1,1
1447,21.0,0,1,0,1,1,1,1,1,1,0,1,0,0,0,1,1,1,0,1,1,0,0,0,1,0,1,2,1
1448,29.0,1,1,1,1,1,1,1,1,0,0,1,0,4,0,0,0,1,1,0,2,0,1,0,1,1,0,0,1
